Num,DamageTag,HealthAdjustType,AttackPowerCoefficient,AddValue,MaxHealthRate,ExGauge,,,,,
1,Damage.YuAhn.SpecialCut.Projectile.1,RangedDamage,19,0.16,0,0.15,,,,,
2,Damage.YuAhn.SpecialCut.Projectile.2,RangedDamage,22.42,0.16,0,0.15,,,,,
3,Damage.YuAhn.SpecialCut.Projectile.3,RangedDamage,26.4556,0.16,0,0.15,,,,,
4,Damage.YuAhn.SpecialCut.Projectile.4,RangedDamage,31.217608,0.16,0,0.15,,,,,
5,Damage.YuAhn.SpecialCut.Projectile.5,RangedDamage,36.83677744,0.16,0,0.15,,,,,
6,Damage.YuAhn.UnleashedSlash.Slash.1,MeleeDamage,35,0.3,0,2,,,,,
7,Damage.YuAhn.UnleashedSlash.Slash.2,MeleeDamage,41.3,0.3,0,2,,,,,
8,Damage.YuAhn.UnleashedSlash.Slash.3,MeleeDamage,48.734,0.3,0,2,,,,,
9,Damage.YuAhn.UnleashedSlash.Slash.4,MeleeDamage,57.50612,0.3,0,2,,,,,
10,Damage.YuAhn.UnleashedSlash.Slash.5,MeleeDamage,67.8572216,0.3,0,2,,,,,
11,Damage.YuAhn.Flash.Normal.1,MeleeDamage,44,0.38,0,1.5,,,,,
12,Damage.YuAhn.Flash.Normal.2,MeleeDamage,51.92,0.38,0,1.5,,,,,
13,Damage.YuAhn.Flash.Normal.3,MeleeDamage,61.2656,0.38,0,1.5,,,,,
14,Damage.YuAhn.Flash.Normal.4,MeleeDamage,72.293408,0.38,0,1.5,,,,,
15,Damage.YuAhn.Flash.Normal.5,MeleeDamage,85.30622144,0.38,0,1.5,,,,,
16,Damage.YuAhn.Flash.Assimilation.1,MeleeDamage,28,0.24,0,1,,,,,
17,Damage.YuAhn.Flash.Assimilation.2,MeleeDamage,33.04,0.24,0,1,,,,,
18,Damage.YuAhn.Flash.Assimilation.3,MeleeDamage,38.9872,0.24,0,1,,,,,
19,Damage.YuAhn.Flash.Assimilation.4,MeleeDamage,46.004896,0.24,0,1,,,,,
20,Damage.YuAhn.Flash.Assimilation.5,MeleeDamage,54.28577728,0.24,0,1,,,,,
21,Damage.YuAhn.Flash.AssimilationFinish.1,MeleeDamage,56,0.48,0,1.5,,,,,
22,Damage.YuAhn.Flash.AssimilationFinish.2,MeleeDamage,66.08,0.48,0,1.5,,,,,
23,Damage.YuAhn.Flash.AssimilationFinish.3,MeleeDamage,77.9744,0.48,0,1.5,,,,,
24,Damage.YuAhn.Flash.AssimilationFinish.4,MeleeDamage,92.009792,0.48,0,1.5,,,,,
25,Damage.YuAhn.Flash.AssimilationFinish.5,MeleeDamage,108.5715546,0.48,0,1.5,,,,,
26,Damage.YuAhn.Bisection.Normal.1,MeleeDamage,140,1.2,0,1.5,,,,,
27,Damage.YuAhn.Bisection.Normal.2,MeleeDamage,165.2,1.2,0,1.5,,,,,
28,Damage.YuAhn.Bisection.Normal.3,MeleeDamage,194.936,1.2,0,1.5,,,,,
29,Damage.YuAhn.Bisection.Normal.4,MeleeDamage,230.02448,1.2,0,1.5,,,,,
30,Damage.YuAhn.Bisection.Normal.5,MeleeDamage,271.4288864,1.2,0,1.5,,,,,
31,Damage.YuAhn.Bisection.Assimilation.1,MeleeDamage,210,1.8,0,2,,,,,
32,Damage.YuAhn.Bisection.Assimilation.2,MeleeDamage,247.8,1.8,0,2,,,,,
33,Damage.YuAhn.Bisection.Assimilation.3,MeleeDamage,292.404,1.8,0,2,,,,,
34,Damage.YuAhn.Bisection.Assimilation.4,MeleeDamage,345.03672,1.8,0,2,,,,,
35,Damage.YuAhn.Bisection.Assimilation.5,MeleeDamage,407.1433296,1.8,0,2,,,,,
36,Damage.YuAhn.PerceiveHazard.Repeat.1,MeleeDamage,21,0.18,0,0.35,,,,,
37,Damage.YuAhn.PerceiveHazard.Repeat.2,MeleeDamage,24.78,0.18,0,0.35,,,,,
38,Damage.YuAhn.PerceiveHazard.Repeat.3,MeleeDamage,29.2404,0.18,0,0.35,,,,,
39,Damage.YuAhn.PerceiveHazard.Repeat.4,MeleeDamage,34.503672,0.18,0,0.35,,,,,
40,Damage.YuAhn.PerceiveHazard.Repeat.5,MeleeDamage,40.71433296,0.18,0,0.35,,,,,
41,Damage.YuAhn.PerceiveHazard.Finish.1,MeleeDamage,63,0.54,0,0.6,,,,,
42,Damage.YuAhn.PerceiveHazard.Finish.2,MeleeDamage,74.34,0.54,0,0.6,,,,,
43,Damage.YuAhn.PerceiveHazard.Finish.3,MeleeDamage,87.7212,0.54,0,0.6,,,,,
44,Damage.YuAhn.PerceiveHazard.Finish.4,MeleeDamage,103.511016,0.54,0,0.6,,,,,
45,Damage.YuAhn.PerceiveHazard.Finish.5,MeleeDamage,122.1429989,0.54,0,0.6,,,,,
46,Damage.YuAhn.Assimilation.NormalAttack.1,MeleeDamage,52,0.46,0,0,,,,,
47,Damage.YuAhn.Assimilation.NormalAttack.2,MeleeDamage,61.36,0.46,0,0,,,,,
48,Damage.YuAhn.Assimilation.NormalAttack.3,MeleeDamage,72.4048,0.46,0,0,,,,,
49,Damage.Voyaka.GatlingPunch.Double.1,MeleeDamage,35,0.3,0,0.3,,,,,
50,Damage.Voyaka.GatlingPunch.Double.2,MeleeDamage,41.3,0.3,0,0.3,,,,,
51,Damage.Voyaka.GatlingPunch.Double.3,MeleeDamage,48.734,0.3,0,0.3,,,,,
52,Damage.Voyaka.GatlingPunch.Double.4,MeleeDamage,57.50612,0.3,0,0.3,,,,,
53,Damage.Voyaka.GatlingPunch.Double.5,MeleeDamage,67.8572216,0.3,0,0.3,,,,,
54,Damage.Voyaka.GatlingPunch.Finish.1,MeleeDamage,42,0.36,0,0.3,,,,,
55,Damage.Voyaka.GatlingPunch.Finish.2,MeleeDamage,49.56,0.36,0,0.3,,,,,
56,Damage.Voyaka.GatlingPunch.Finish.3,MeleeDamage,58.4808,0.36,0,0.3,,,,,
57,Damage.Voyaka.GatlingPunch.Finish.4,MeleeDamage,69.007344,0.36,0,0.3,,,,,
58,Damage.Voyaka.GatlingPunch.Finish.5,MeleeDamage,81.42866592,0.36,0,0.3,,,,,
59,Damage.Voyaka.GatlingPunch.Air.1,MeleeDamage,56,0.48,0,0.3,,,,,
60,Damage.Voyaka.GatlingPunch.Air.2,MeleeDamage,66.08,0.48,0,0.3,,,,,
61,Damage.Voyaka.GatlingPunch.Air.3,MeleeDamage,77.9744,0.48,0,0.3,,,,,
62,Damage.Voyaka.GatlingPunch.Air.4,MeleeDamage,92.009792,0.48,0,0.3,,,,,
63,Damage.Voyaka.GatlingPunch.Air.5,MeleeDamage,108.5715546,0.48,0,0.3,,,,,
64,Damage.Voyaka.ExploPunch.Punch.1,MeleeDamage,105,0.9,0,1,,,,,
65,Damage.Voyaka.ExploPunch.Punch.2,MeleeDamage,123.9,0.9,0,1,,,,,
66,Damage.Voyaka.ExploPunch.Punch.3,MeleeDamage,146.202,0.9,0,1,,,,,
67,Damage.Voyaka.ExploPunch.Punch.4,MeleeDamage,172.51836,0.9,0,1,,,,,
68,Damage.Voyaka.ExploPunch.Punch.5,MeleeDamage,203.5716648,0.9,0,1,,,,,
69,Damage.Voyaka.ExploPunch.InAir.1,MeleeDamage,105,0.9,0,1,,,,,
70,Damage.Voyaka.ExploPunch.InAir.2,MeleeDamage,123.9,0.9,0,1,,,,,
71,Damage.Voyaka.ExploPunch.InAir.3,MeleeDamage,146.202,0.9,0,1,,,,,
72,Damage.Voyaka.ExploPunch.InAir.4,MeleeDamage,172.51836,0.9,0,1,,,,,
73,Damage.Voyaka.ExploPunch.InAir.5,MeleeDamage,203.5716648,0.9,0,1,,,,,
74,Damage.Voyaka.BodySlam.Success.1,MeleeDamage,70,0.6,0,1.7,,,,,
75,Damage.Voyaka.BodySlam.Success.2,MeleeDamage,82.6,0.6,0,1.7,,,,,
76,Damage.Voyaka.BodySlam.Success.3,MeleeDamage,97.468,0.6,0,1.7,,,,,
77,Damage.Voyaka.BodySlam.Success.4,MeleeDamage,115.01224,0.6,0,1.7,,,,,
78,Damage.Voyaka.BodySlam.Success.5,MeleeDamage,135.7144432,0.6,0,1.7,,,,,
79,Damage.Voyaka.HeatUp.Exhaust.1,MeleeDamage,14,0.12,0,0,,,,,
80,Damage.Voyaka.HeatUp.Exhaust.2,MeleeDamage,16.52,0.12,0,0,,,,,
81,Damage.Voyaka.HeatUp.Exhaust.3,MeleeDamage,19.4936,0.12,0,0,,,,,
82,Damage.Voyaka.HeatUp.Exhaust.4,MeleeDamage,23.002448,0.12,0,0,,,,,
83,Damage.Voyaka.HeatUp.Exhaust.5,MeleeDamage,27.14288864,0.12,0,0,,,,,
84,Damage.Voyaka.HeatUp.Heal.1,Heal,210,1.8,0,0.6,,,,,
85,Damage.Voyaka.HeatUp.Heal.2,Heal,247.8,1.8,0,0.6,,,,,
86,Damage.Voyaka.HeatUp.Heal.3,Heal,292.404,1.8,0,0.6,,,,,
87,Damage.Voyaka.HeatUp.Heal.4,Heal,345.03672,1.8,0,0.6,,,,,
88,Damage.Voyaka.HeatUp.Heal.5,Heal,407.1433296,1.8,0,0.6,,,,,
89,Damage.Voyaka.HeatUp.ExploPunch.1,MeleeDamage,140,1.2,0,1.8,,,,,
90,Damage.Voyaka.HeatUp.ExploPunch.2,MeleeDamage,165.2,1.2,0,1.8,,,,,
91,Damage.Voyaka.HeatUp.ExploPunch.3,MeleeDamage,194.936,1.2,0,1.8,,,,,
92,Damage.Voyaka.HeatUp.ExploPunch.4,MeleeDamage,230.02448,1.2,0,1.8,,,,,
93,Damage.Voyaka.HeatUp.ExploPunch.5,MeleeDamage,271.4288864,1.2,0,1.8,,,,,
94,Damage.Voyaka.IncinerationCannon.Burst.1,RangedDamage,15,0.12,0,0,,,,,
95,Damage.Voyaka.IncinerationCannon.Burst.2,RangedDamage,17.7,0.12,0,0,,,,,
96,Damage.Voyaka.IncinerationCannon.Burst.3,RangedDamage,20.886,0.12,0,0,,,,,
97,Damage.Rei.FrostCutter.Slash.1,RangedDamage,33,0.28,0,0.4,,,,,
98,Damage.Rei.FrostCutter.Slash.2,RangedDamage,38.94,0.28,0,0.4,,,,,
99,Damage.Rei.FrostCutter.Slash.3,RangedDamage,45.9492,0.28,0,0.4,,,,,
100,Damage.Rei.FrostCutter.Slash.4,RangedDamage,54.220056,0.28,0,0.4,,,,,
101,Damage.Rei.FrostCutter.Slash.5,RangedDamage,63.97966608,0.28,0,0.4,,,,,
102,Damage.Rei.IceJavelin.Normal.1,RangedDamage,84,0.72,0,1.5,,,,,
103,Damage.Rei.IceJavelin.Normal.2,RangedDamage,99.12,0.72,0,1.5,,,,,
104,Damage.Rei.IceJavelin.Normal.3,RangedDamage,116.9616,0.72,0,1.5,,,,,
105,Damage.Rei.IceJavelin.Normal.4,RangedDamage,138.014688,0.72,0,1.5,,,,,
106,Damage.Rei.IceJavelin.Normal.5,RangedDamage,162.8573318,0.72,0,1.5,,,,,
107,Damage.Rei.IceJavelin.FullCharged.1,RangedDamage,154,1.32,0,1.8,,,,,
108,Damage.Rei.IceJavelin.FullCharged.2,RangedDamage,181.72,1.32,0,1.8,,,,,
109,Damage.Rei.IceJavelin.FullCharged.3,RangedDamage,214.4296,1.32,0,1.8,,,,,
110,Damage.Rei.IceJavelin.FullCharged.4,RangedDamage,253.026928,1.32,0,1.8,,,,,
111,Damage.Rei.IceJavelin.FullCharged.5,RangedDamage,298.571775,1.32,0,1.8,,,,,
112,Damage.Rei.GlacialPillar.CreateAttack.1,RangedDamage,14,0.12,0,0.5,,,,,
113,Damage.Rei.GlacialPillar.CreateAttack.2,RangedDamage,16.52,0.12,0,0.5,,,,,
114,Damage.Rei.GlacialPillar.CreateAttack.3,RangedDamage,19.4936,0.12,0,0.5,,,,,
115,Damage.Rei.GlacialPillar.CreateAttack.4,RangedDamage,23.002448,0.12,0,0.5,,,,,
116,Damage.Rei.GlacialPillar.CreateAttack.5,RangedDamage,27.14288864,0.12,0,0.5,,,,,
117,Damage.Rei.GlacialPillar.FinishExplo.1,RangedDamage,35,0.3,0,1.3,,,,,
118,Damage.Rei.GlacialPillar.FinishExplo.2,RangedDamage,41.3,0.3,0,1.3,,,,,
119,Damage.Rei.GlacialPillar.FinishExplo.3,RangedDamage,48.734,0.3,0,1.3,,,,,
120,Damage.Rei.GlacialPillar.FinishExplo.4,RangedDamage,57.50612,0.3,0,1.3,,,,,
121,Damage.Rei.GlacialPillar.FinishExplo.5,RangedDamage,67.8572216,0.3,0,1.3,,,,,
122,Damage.Rei.Hailstorm.Attack.1,RangedDamage,28,0.24,0,0.3,,,,,
123,Damage.Rei.Hailstorm.Attack.2,RangedDamage,33.04,0.24,0,0.3,,,,,
124,Damage.Rei.Hailstorm.Attack.3,RangedDamage,38.9872,0.24,0,0.3,,,,,
125,Damage.Rei.Hailstorm.Attack.4,RangedDamage,46.004896,0.24,0,0.3,,,,,
126,Damage.Rei.Hailstorm.Attack.5,RangedDamage,54.28577728,0.24,0,0.3,,,,,
127,Damage.Rei.FrozenFlower.Attack.1,RangedDamage,392,3.36,0,0,,,,,
128,Damage.Rei.FrozenFlower.Attack.2,RangedDamage,462.56,3.36,0,0,,,,,
129,Damage.Rei.FrozenFlower.Attack.3,RangedDamage,545.8208,3.36,0,0,,,,,
130,Damage.Bernhard.NormalAtk.Slash.1,MeleeDamage,34,0.28,0,0.3,,,,,
131,Damage.Bernhard.NormalAtk.Slash.2,MeleeDamage,40.12,0.28,0,0.3,,,,,
132,Damage.Bernhard.NormalAtk.Slash.3,MeleeDamage,47.3416,0.28,0,0.3,,,,,
133,Damage.Bernhard.NormalAtk.Slash.4,MeleeDamage,55.863088,0.28,0,0.3,,,,,
134,Damage.Bernhard.NormalAtk.Slash.5,MeleeDamage,65.91844384,0.28,0,0.3,,,,,
135,Damage.Bernhard.NormalAtk.Finish.1,MeleeDamage,55,0.46,0,0.4,,,,,
136,Damage.Bernhard.NormalAtk.Finish.2,MeleeDamage,64.9,0.46,0,0.4,,,,,
137,Damage.Bernhard.NormalAtk.Finish.3,MeleeDamage,76.582,0.46,0,0.4,,,,,
138,Damage.Bernhard.NormalAtk.Finish.4,MeleeDamage,90.36676,0.46,0,0.4,,,,,
139,Damage.Bernhard.NormalAtk.Finish.5,MeleeDamage,106.6327768,0.46,0,0.4,,,,,
140,Damage.Bernhard.CrazyAtk.Start.1,MeleeDamage,14,0.12,0,0.25,,,,,
141,Damage.Bernhard.CrazyAtk.Start.2,MeleeDamage,16.52,0.12,0,0.25,,,,,
142,Damage.Bernhard.CrazyAtk.Start.3,MeleeDamage,19.4936,0.12,0,0.25,,,,,
143,Damage.Bernhard.CrazyAtk.Start.4,MeleeDamage,23.002448,0.12,0,0.25,,,,,
144,Damage.Bernhard.CrazyAtk.Start.5,MeleeDamage,27.14288864,0.12,0,0.25,,,,,
145,Damage.Bernhard.CrazyAtk.Loop.1,MeleeDamage,14,0.12,0,0.15,,,,,
146,Damage.Bernhard.CrazyAtk.Loop.2,MeleeDamage,16.52,0.12,0,0.15,,,,,
147,Damage.Bernhard.CrazyAtk.Loop.3,MeleeDamage,19.4936,0.12,0,0.15,,,,,
148,Damage.Bernhard.CrazyAtk.Loop.4,MeleeDamage,23.002448,0.12,0,0.15,,,,,
149,Damage.Bernhard.CrazyAtk.Loop.5,MeleeDamage,27.14288864,0.12,0,0.15,,,,,
150,Damage.Bernhard.CrazyAtk.End.1,MeleeDamage,70,0.6,0,0.6,,,,,
151,Damage.Bernhard.CrazyAtk.End.2,MeleeDamage,82.6,0.6,0,0.6,,,,,
152,Damage.Bernhard.CrazyAtk.End.3,MeleeDamage,97.468,0.6,0,0.6,,,,,
153,Damage.Bernhard.CrazyAtk.End.4,MeleeDamage,115.01224,0.6,0,0.6,,,,,
154,Damage.Bernhard.CrazyAtk.End.5,MeleeDamage,135.7144432,0.6,0,0.6,,,,,
155,Damage.Bernhard.QuakeAtk.Slash.1,MeleeDamage,122,1.06,0,1.7,,,,,
156,Damage.Bernhard.QuakeAtk.Slash.2,MeleeDamage,143.96,1.06,0,1.7,,,,,
157,Damage.Bernhard.QuakeAtk.Slash.3,MeleeDamage,169.8728,1.06,0,1.7,,,,,
158,Damage.Bernhard.QuakeAtk.Slash.4,MeleeDamage,200.449904,1.06,0,1.7,,,,,
159,Damage.Bernhard.QuakeAtk.Slash.5,MeleeDamage,236.5308867,1.06,0,1.7,,,,,
160,Damage.Bernhard.QuakeAtk.Quake.1,MeleeDamage,17,0.16,0,0.3,,,,,
161,Damage.Bernhard.QuakeAtk.Quake.2,MeleeDamage,20.06,0.16,0,0.3,,,,,
162,Damage.Bernhard.QuakeAtk.Quake.3,MeleeDamage,23.6708,0.16,0,0.3,,,,,
163,Damage.Bernhard.QuakeAtk.Quake.4,MeleeDamage,27.931544,0.16,0,0.3,,,,,
164,Damage.Bernhard.QuakeAtk.Quake.5,MeleeDamage,32.95922192,0.16,0,0.3,,,,,
165,Damage.Bernhard.ShoulderAtk.Smash.1,MeleeDamage,56,0.48,0,0.8,,,,,
166,Damage.Bernhard.ShoulderAtk.Smash.2,MeleeDamage,66.08,0.48,0,0.8,,,,,
167,Damage.Bernhard.ShoulderAtk.Smash.3,MeleeDamage,77.9744,0.48,0,0.8,,,,,
168,Damage.Bernhard.ShoulderAtk.Smash.4,MeleeDamage,92.009792,0.48,0,0.8,,,,,
169,Damage.Bernhard.ShoulderAtk.Smash.5,MeleeDamage,108.5715546,0.48,0,0.8,,,,,
170,Damage.Bernhard.TornadoAtk.Slash.1,MeleeDamage,17,0.16,0,0,,,,,
171,Damage.Bernhard.TornadoAtk.Slash.2,MeleeDamage,20.06,0.16,0,0,,,,,
172,Damage.Bernhard.TornadoAtk.Slash.3,MeleeDamage,23.6708,0.16,0,0,,,,,
173,Damage.Bernhard.TornadoAtk.Add.1,MeleeDamage,35,0.3,0,0,,,,,
174,Damage.Bernhard.TornadoAtk.Add.2,MeleeDamage,41.3,0.3,0,0,,,,,
175,Damage.Bernhard.TornadoAtk.Add.3,MeleeDamage,48.734,0.3,0,0,,,,,
176,Damage.Lucy.BloodySpear.Shot.1,RangedDamage,29,0.24,0,0.3,,,,,
177,Damage.Lucy.BloodySpear.Shot.2,RangedDamage,34.22,0.24,0,0.3,,,,,
178,Damage.Lucy.BloodySpear.Shot.3,RangedDamage,40.3796,0.24,0,0.3,,,,,
179,Damage.Lucy.BloodySpear.Shot.4,RangedDamage,47.647928,0.24,0,0.3,,,,,
180,Damage.Lucy.BloodySpear.Shot.5,RangedDamage,56.22455504,0.24,0,0.3,,,,,
181,Damage.Lucy.BloodyExplosion.Bat.1,RangedDamage,70,0.6,0,0.4,,,,,
182,Damage.Lucy.BloodyExplosion.Bat.2,RangedDamage,82.6,0.6,0,0.4,,,,,
183,Damage.Lucy.BloodyExplosion.Bat.3,RangedDamage,97.468,0.6,0,0.4,,,,,
184,Damage.Lucy.BloodyExplosion.Bat.4,RangedDamage,115.01224,0.6,0,0.4,,,,,
185,Damage.Lucy.BloodyExplosion.Bat.5,RangedDamage,135.7144432,0.6,0,0.4,,,,,
186,Damage.Lucy.BloodyExplosion.Bomb1.1,RangedDamage,42,0.36,0,0.6,,,,,
187,Damage.Lucy.BloodyExplosion.Bomb1.2,RangedDamage,49.56,0.36,0,0.6,,,,,
188,Damage.Lucy.BloodyExplosion.Bomb1.3,RangedDamage,58.4808,0.36,0,0.6,,,,,
189,Damage.Lucy.BloodyExplosion.Bomb1.4,RangedDamage,69.007344,0.36,0,0.6,,,,,
190,Damage.Lucy.BloodyExplosion.Bomb1.5,RangedDamage,81.42866592,0.36,0,0.6,,,,,
191,Damage.Lucy.BloodyExplosion.Bomb2.1,RangedDamage,28,0.24,0,0.6,,,,,
192,Damage.Lucy.BloodyExplosion.Bomb2.2,RangedDamage,33.04,0.24,0,0.6,,,,,
193,Damage.Lucy.BloodyExplosion.Bomb2.3,RangedDamage,38.9872,0.24,0,0.6,,,,,
194,Damage.Lucy.BloodyExplosion.Bomb2.4,RangedDamage,46.004896,0.24,0,0.6,,,,,
195,Damage.Lucy.BloodyExplosion.Bomb2.5,RangedDamage,54.28577728,0.24,0,0.6,,,,,
196,Damage.Lucy.BloodyExplosion.Bomb3.1,RangedDamage,0,0.12,0.015,0.4,,,,,
197,Damage.Lucy.BloodyExplosion.Bomb3.2,RangedDamage,0,0.12,0.0175,0.4,,,,,
198,Damage.Lucy.BloodyExplosion.Bomb3.3,RangedDamage,0,0.12,0.02,0.4,,,,,
199,Damage.Lucy.BloodyExplosion.Bomb3.4,RangedDamage,0,0.12,0.0225,0.4,,,,,
200,Damage.Lucy.BloodyExplosion.Bomb3.5,RangedDamage,0,0.12,0.025,0.4,,,,,
201,Damage.Lucy.BloodyHand.End.1,RangedDamage,70,0.6,0,1.7,,,,,
202,Damage.Lucy.BloodyHand.End.2,RangedDamage,82.6,0.6,0,1.7,,,,,
203,Damage.Lucy.BloodyHand.End.3,RangedDamage,97.468,0.6,0,1.7,,,,,
204,Damage.Lucy.BloodyHand.End.4,RangedDamage,115.01224,0.6,0,1.7,,,,,
205,Damage.Lucy.BloodyHand.End.5,RangedDamage,135.7144432,0.6,0,1.7,,,,,
206,Damage.Lucy.BloodyPool.Pick.1,RangedDamage,28,0.24,0,1.6,,,,,
207,Damage.Lucy.BloodyPool.Pick.2,RangedDamage,33.04,0.24,0,1.6,,,,,
208,Damage.Lucy.BloodyPool.Pick.3,RangedDamage,38.9872,0.24,0,1.6,,,,,
209,Damage.Lucy.BloodyPool.Pick.4,RangedDamage,46.004896,0.24,0,1.6,,,,,
210,Damage.Lucy.BloodyPool.Pick.5,RangedDamage,54.28577728,0.24,0,1.6,,,,,
211,Damage.Lucy.BloodyWingAtk.Shot.1,RangedDamage,24,0.22,0,0,,,,,
212,Damage.Lucy.BloodyWingAtk.Shot.2,RangedDamage,28.32,0.22,0,0,,,,,
213,Damage.Lucy.BloodyWingAtk.Shot.3,RangedDamage,33.4176,0.22,0,0,,,,,
214,Damage.Laky.TripleSlash.Slash.1,MeleeDamage,32,0.28,0,0.3,,,,,
215,Damage.Laky.TripleSlash.Slash.2,MeleeDamage,37.76,0.28,0,0.3,,,,,
216,Damage.Laky.TripleSlash.Slash.3,MeleeDamage,44.5568,0.28,0,0.3,,,,,
217,Damage.Laky.TripleSlash.Slash.4,MeleeDamage,52.577024,0.28,0,0.3,,,,,
218,Damage.Laky.TripleSlash.Slash.5,MeleeDamage,62.04088832,0.28,0,0.3,,,,,
219,Damage.Laky.TripleSlash.Finish.1,MeleeDamage,45,0.38,0,0.4,,,,,
220,Damage.Laky.TripleSlash.Finish.2,MeleeDamage,53.1,0.38,0,0.4,,,,,
221,Damage.Laky.TripleSlash.Finish.3,MeleeDamage,62.658,0.38,0,0.4,,,,,
222,Damage.Laky.TripleSlash.Finish.4,MeleeDamage,73.93644,0.38,0,0.4,,,,,
223,Damage.Laky.TripleSlash.Finish.5,MeleeDamage,87.2449992,0.38,0,0.4,,,,,
224,Damage.Laky.JellyShot.Shot.1,RangedDamage,17,0.16,0,0.5,,,,,
225,Damage.Laky.JellyShot.Shot.2,RangedDamage,20.06,0.16,0,0.5,,,,,
226,Damage.Laky.JellyShot.Shot.3,RangedDamage,23.6708,0.16,0,0.5,,,,,
227,Damage.Laky.JellyShot.Shot.4,RangedDamage,27.931544,0.16,0,0.5,,,,,
228,Damage.Laky.JellyShot.Shot.5,RangedDamage,32.95922192,0.16,0,0.5,,,,,
229,Damage.Laky.JellyShot.Atk.1,MeleeDamage,52,0.46,0,1.2,,,,,
230,Damage.Laky.JellyShot.Atk.2,MeleeDamage,61.36,0.46,0,1.2,,,,,
231,Damage.Laky.JellyShot.Atk.3,MeleeDamage,72.4048,0.46,0,1.2,,,,,
232,Damage.Laky.JellyShot.Atk.4,MeleeDamage,85.437664,0.46,0,1.2,,,,,
233,Damage.Laky.JellyShot.Atk.5,MeleeDamage,100.8164435,0.46,0,1.2,,,,,
234,Damage.Laky.StampCombo.Stamp1.1,MeleeDamage,126,1.08,0,0.7,,,,,
235,Damage.Laky.StampCombo.Stamp1.2,MeleeDamage,148.68,1.08,0,0.7,,,,,
236,Damage.Laky.StampCombo.Stamp1.3,MeleeDamage,175.4424,1.08,0,0.7,,,,,
237,Damage.Laky.StampCombo.Stamp1.4,MeleeDamage,207.022032,1.08,0,0.7,,,,,
238,Damage.Laky.StampCombo.Stamp1.5,MeleeDamage,244.2859978,1.08,0,0.7,,,,,
239,Damage.Laky.StampCombo.Stamp2.1,MeleeDamage,105,0.9,0,0.7,,,,,
240,Damage.Laky.StampCombo.Stamp2.2,MeleeDamage,123.9,0.9,0,0.7,,,,,
241,Damage.Laky.StampCombo.Stamp2.3,MeleeDamage,146.202,0.9,0,0.7,,,,,
242,Damage.Laky.StampCombo.Stamp2.4,MeleeDamage,172.51836,0.9,0,0.7,,,,,
243,Damage.Laky.StampCombo.Stamp2.5,MeleeDamage,203.5716648,0.9,0,0.7,,,,,
244,Damage.Laky.StampCombo.Stamp3.1,MeleeDamage,84,0.72,0,0.7,,,,,
245,Damage.Laky.StampCombo.Stamp3.2,MeleeDamage,99.12,0.72,0,0.7,,,,,
246,Damage.Laky.StampCombo.Stamp3.3,MeleeDamage,116.9616,0.72,0,0.7,,,,,
247,Damage.Laky.StampCombo.Stamp3.4,MeleeDamage,138.014688,0.72,0,0.7,,,,,
248,Damage.Laky.StampCombo.Stamp3.5,MeleeDamage,162.8573318,0.72,0,0.7,,,,,
249,Damage.Laky.RushCombo.Kick.1,MeleeDamage,49,0.42,0,0.9,,,,,
250,Damage.Laky.RushCombo.Kick.2,MeleeDamage,57.82,0.42,0,0.9,,,,,
251,Damage.Laky.RushCombo.Kick.3,MeleeDamage,68.2276,0.42,0,0.9,,,,,
252,Damage.Laky.RushCombo.Kick.4,MeleeDamage,80.508568,0.42,0,0.9,,,,,
253,Damage.Laky.RushCombo.Kick.5,MeleeDamage,95.00011024,0.42,0,0.9,,,,,
254,Damage.Laky.RushCombo.AirSlash.1,MeleeDamage,35,0.3,0,0.9,,,,,
255,Damage.Laky.RushCombo.AirSlash.2,MeleeDamage,41.3,0.3,0,0.9,,,,,
256,Damage.Laky.RushCombo.AirSlash.3,MeleeDamage,48.734,0.3,0,0.9,,,,,
257,Damage.Laky.RushCombo.AirSlash.4,MeleeDamage,57.50612,0.3,0,0.9,,,,,
258,Damage.Laky.RushCombo.AirSlash.5,MeleeDamage,67.8572216,0.3,0,0.9,,,,,
259,Damage.Laky.RushCombo.Release.1,MeleeDamage,56,0.48,0,0.9,,,,,
260,Damage.Laky.RushCombo.Release.2,MeleeDamage,66.08,0.48,0,0.9,,,,,
261,Damage.Laky.RushCombo.Release.3,MeleeDamage,77.9744,0.48,0,0.9,,,,,
262,Damage.Laky.RushCombo.Release.4,MeleeDamage,92.009792,0.48,0,0.9,,,,,
263,Damage.Laky.RushCombo.Release.5,MeleeDamage,108.5715546,0.48,0,0.9,,,,,
264,Damage.Laky.CatLeapAtk.Atk.1,MeleeDamage,140,1.2,0.06,0,,,,,
265,Damage.Laky.CatLeapAtk.Atk.2,MeleeDamage,165.2,1.2,0.07,0,,,,,
266,Damage.Laky.CatLeapAtk.Atk.3,MeleeDamage,194.936,1.2,0.08,0,,,,,
267,Damage.Laahad.ThrowDagger.Projectile.1,RangedDamage,45,0.4,0,0.65,,,,,
268,Damage.Laahad.ThrowDagger.Projectile.2,RangedDamage,53.1,0.4,0,0.65,,,,,
269,Damage.Laahad.ThrowDagger.Projectile.3,RangedDamage,62.658,0.4,0,0.65,,,,,
270,Damage.Laahad.ThrowDagger.Projectile.4,RangedDamage,73.93644,0.4,0,0.65,,,,,
271,Damage.Laahad.ThrowDagger.Projectile.5,RangedDamage,87.2449992,0.4,0,0.65,,,,,
272,Damage.Laahad.SandStormSlash.Normal.1,MeleeDamage,84,0.72,0,0.9,,,,,
273,Damage.Laahad.SandStormSlash.Normal.2,MeleeDamage,99.12,0.72,0,0.9,,,,,
274,Damage.Laahad.SandStormSlash.Normal.3,MeleeDamage,116.9616,0.72,0,0.9,,,,,
275,Damage.Laahad.SandStormSlash.Normal.4,MeleeDamage,138.014688,0.72,0,0.9,,,,,
276,Damage.Laahad.SandStormSlash.Normal.5,MeleeDamage,162.8573318,0.72,0,0.9,,,,,
277,Damage.Laahad.SpecfiesTarget.Projectile.1,RangedDamage,17,0.16,0,0.4,,,,,
278,Damage.Laahad.SpecfiesTarget.Projectile.2,RangedDamage,20.06,0.16,0,0.4,,,,,
279,Damage.Laahad.SpecfiesTarget.Projectile.3,RangedDamage,23.6708,0.16,0,0.4,,,,,
280,Damage.Laahad.SpecfiesTarget.Projectile.4,RangedDamage,27.931544,0.16,0,0.4,,,,,
281,Damage.Laahad.SpecfiesTarget.Projectile.5,RangedDamage,32.95922192,0.16,0,0.4,,,,,
282,Damage.Laahad.Execution.Start.1,MeleeDamage,105,0.9,0,1.2,,,,,
283,Damage.Laahad.Execution.Start.2,MeleeDamage,123.9,0.9,0,1.2,,,,,
284,Damage.Laahad.Execution.Start.3,MeleeDamage,146.202,0.9,0,1.2,,,,,
285,Damage.Laahad.Execution.Start.4,MeleeDamage,172.51836,0.9,0,1.2,,,,,
286,Damage.Laahad.Execution.Start.5,MeleeDamage,203.5716648,0.9,0,1.2,,,,,
287,Damage.Laahad.Execution.Slash.1,MeleeDamage,140,1.2,0,1.8,,,,,
288,Damage.Laahad.Execution.Slash.2,MeleeDamage,165.2,1.2,0,1.8,,,,,
289,Damage.Laahad.Execution.Slash.3,MeleeDamage,194.936,1.2,0,1.8,,,,,
290,Damage.Laahad.Execution.Slash.4,MeleeDamage,230.02448,1.2,0,1.8,,,,,
291,Damage.Laahad.Execution.Slash.5,MeleeDamage,271.4288864,1.2,0,1.8,,,,,
292,Damage.Laahad.Execution.SandStorm.1,MeleeDamage,24,0.22,0,0.3,,,,,
293,Damage.Laahad.Execution.SandStorm.2,MeleeDamage,28.32,0.22,0,0.3,,,,,
294,Damage.Laahad.Execution.SandStorm.3,MeleeDamage,33.4176,0.22,0,0.3,,,,,
295,Damage.Laahad.Execution.SandStorm.4,MeleeDamage,39.432768,0.22,0,0.3,,,,,
296,Damage.Laahad.Execution.SandStorm.5,MeleeDamage,46.53066624,0.22,0,0.3,,,,,
297,Damage.Laahad.SandRing.Start.1,RangedDamage,35,0.3,0,0,,,,,
298,Damage.Laahad.SandRing.Start.2,RangedDamage,41.3,0.3,0,0,,,,,
299,Damage.Laahad.SandRing.Start.3,RangedDamage,48.734,0.3,0,0,,,,,
300,Damage.Laahad.SandRing.Ring.1,RangedDamage,11,0.1,0,0,,,,,
301,Damage.Laahad.SandRing.Ring.2,RangedDamage,12.98,0.1,0,0,,,,,
302,Damage.Laahad.SandRing.Ring.3,RangedDamage,15.3164,0.1,0,0,,,,,
303,Damage.Warmonger.Hammering.Smash.1,MeleeDamage,76,0.64,0,0.8,,,,,
304,Damage.Warmonger.Hammering.Smash.2,MeleeDamage,89.68,0.64,0,0.8,,,,,
305,Damage.Warmonger.Hammering.Smash.3,MeleeDamage,105.8224,0.64,0,0.8,,,,,
306,Damage.Warmonger.Hammering.Smash.4,MeleeDamage,124.870432,0.64,0,0.8,,,,,
307,Damage.Warmonger.Hammering.Smash.5,MeleeDamage,147.3471098,0.64,0,0.8,,,,,
308,Damage.Warmonger.Lariat.Normal.1,MeleeDamage,49,0.42,0,0.8,,,,,
309,Damage.Warmonger.Lariat.Normal.2,MeleeDamage,57.82,0.42,0,0.8,,,,,
310,Damage.Warmonger.Lariat.Normal.3,MeleeDamage,68.2276,0.42,0,0.8,,,,,
311,Damage.Warmonger.Lariat.Normal.4,MeleeDamage,80.508568,0.42,0,0.8,,,,,
312,Damage.Warmonger.Lariat.Normal.5,MeleeDamage,95.00011024,0.42,0,0.8,,,,,
313,Damage.Warmonger.Lariat.Strong.1,MeleeDamage,98,0.84,0,1.2,,,,,
314,Damage.Warmonger.Lariat.Strong.2,MeleeDamage,115.64,0.84,0,1.2,,,,,
315,Damage.Warmonger.Lariat.Strong.3,MeleeDamage,136.4552,0.84,0,1.2,,,,,
316,Damage.Warmonger.Lariat.Strong.4,MeleeDamage,161.017136,0.84,0,1.2,,,,,
317,Damage.Warmonger.Lariat.Strong.5,MeleeDamage,190.0002205,0.84,0,1.2,,,,,
318,Damage.Warmonger.Lariat.FullCharged.1,MeleeDamage,154,1.32,0,1.6,,,,,
319,Damage.Warmonger.Lariat.FullCharged.2,MeleeDamage,181.72,1.32,0,1.6,,,,,
320,Damage.Warmonger.Lariat.FullCharged.3,MeleeDamage,214.4296,1.32,0,1.6,,,,,
321,Damage.Warmonger.Lariat.FullCharged.4,MeleeDamage,253.026928,1.32,0,1.6,,,,,
322,Damage.Warmonger.Lariat.FullCharged.5,MeleeDamage,298.571775,1.32,0,1.6,,,,,
323,Damage.Warmonger.Tackle.Smash.1,MeleeDamage,77,0.66,0,1.2,,,,,
324,Damage.Warmonger.Tackle.Smash.2,MeleeDamage,90.86,0.66,0,1.2,,,,,
325,Damage.Warmonger.Tackle.Smash.3,MeleeDamage,107.2148,0.66,0,1.2,,,,,
326,Damage.Warmonger.Tackle.Smash.4,MeleeDamage,126.513464,0.66,0,1.2,,,,,
327,Damage.Warmonger.Tackle.Smash.5,MeleeDamage,149.2858875,0.66,0,1.2,,,,,
328,Damage.Warmonger.ChokeSlam.One.1,MeleeDamage,52,0.46,0,1.3,,,,,
329,Damage.Warmonger.ChokeSlam.One.2,MeleeDamage,61.36,0.46,0,1.3,,,,,
330,Damage.Warmonger.ChokeSlam.One.3,MeleeDamage,72.4048,0.46,0,1.3,,,,,
331,Damage.Warmonger.ChokeSlam.One.4,MeleeDamage,85.437664,0.46,0,1.3,,,,,
332,Damage.Warmonger.ChokeSlam.One.5,MeleeDamage,100.8164435,0.46,0,1.3,,,,,
333,Damage.Warmonger.ChokeSlam.Two.1,MeleeDamage,87,0.76,0,1.5,,,,,
334,Damage.Warmonger.ChokeSlam.Two.2,MeleeDamage,102.66,0.76,0,1.5,,,,,
335,Damage.Warmonger.ChokeSlam.Two.3,MeleeDamage,121.1388,0.76,0,1.5,,,,,
336,Damage.Warmonger.ChokeSlam.Two.4,MeleeDamage,142.943784,0.76,0,1.5,,,,,
337,Damage.Warmonger.ChokeSlam.Two.5,MeleeDamage,168.6736651,0.76,0,1.5,,,,,
338,Damage.Warmonger.Letitfinish.Smash.1,MeleeDamage,140,1.2,0,0,,,,,
339,Damage.Warmonger.Letitfinish.Smash.2,MeleeDamage,165.2,1.2,0,0,,,,,
340,Damage.Warmonger.Letitfinish.Smash.3,MeleeDamage,194.936,1.2,0,0,,,,,
341,Damage.Taeoh.BurstRifle.Short.1,RangedDamage,19,0.16,0,0.2,,,,,
342,Damage.Taeoh.BurstRifle.Short.2,RangedDamage,22.42,0.16,0,0.2,,,,,
343,Damage.Taeoh.BurstRifle.Short.3,RangedDamage,26.4556,0.16,0,0.2,,,,,
344,Damage.Taeoh.BurstRifle.Short.4,RangedDamage,31.217608,0.16,0,0.2,,,,,
345,Damage.Taeoh.BurstRifle.Short.5,RangedDamage,36.83677744,0.16,0,0.2,,,,,
346,Damage.Taeoh.BurstRifle.Mid.1,RangedDamage,16,0.14,0,0.16,,,,,
347,Damage.Taeoh.BurstRifle.Mid.2,RangedDamage,18.88,0.14,0,0.16,,,,,
348,Damage.Taeoh.BurstRifle.Mid.3,RangedDamage,22.2784,0.14,0,0.16,,,,,
349,Damage.Taeoh.BurstRifle.Mid.4,RangedDamage,26.288512,0.14,0,0.16,,,,,
350,Damage.Taeoh.BurstRifle.Mid.5,RangedDamage,31.02044416,0.14,0,0.16,,,,,
351,Damage.Taeoh.BurstRifle.Long.1,RangedDamage,13,0.1,0,0.11,,,,,
352,Damage.Taeoh.BurstRifle.Long.2,RangedDamage,15.34,0.1,0,0.11,,,,,
353,Damage.Taeoh.BurstRifle.Long.3,RangedDamage,18.1012,0.1,0,0.11,,,,,
354,Damage.Taeoh.BurstRifle.Long.4,RangedDamage,21.359416,0.1,0,0.11,,,,,
355,Damage.Taeoh.BurstRifle.Long.5,RangedDamage,25.20411088,0.1,0,0.11,,,,,
356,Damage.Taeoh.BurstRifle.Far.1,RangedDamage,8,0.08,0,0.09,,,,,
357,Damage.Taeoh.BurstRifle.Far.2,RangedDamage,9.44,0.08,0,0.09,,,,,
358,Damage.Taeoh.BurstRifle.Far.3,RangedDamage,11.1392,0.08,0,0.09,,,,,
359,Damage.Taeoh.BurstRifle.Far.4,RangedDamage,13.144256,0.08,0,0.09,,,,,
360,Damage.Taeoh.BurstRifle.Far.5,RangedDamage,15.51022208,0.08,0,0.09,,,,,
361,Damage.Taeoh.BurstRifle.Shotgun.1,RangedDamage,105,0.9,0,1,,,,,
362,Damage.Taeoh.BurstRifle.Shotgun.2,RangedDamage,123.9,0.9,0,1,,,,,
363,Damage.Taeoh.BurstRifle.Shotgun.3,RangedDamage,146.202,0.9,0,1,,,,,
364,Damage.Taeoh.BurstRifle.Shotgun.4,RangedDamage,172.51836,0.9,0,1,,,,,
365,Damage.Taeoh.BurstRifle.Shotgun.5,RangedDamage,203.5716648,0.9,0,1,,,,,
366,Damage.Taeoh.FocusMode.Short.1,RangedDamage,94,0.82,0,0.9,,,,,
367,Damage.Taeoh.FocusMode.Short.2,RangedDamage,110.92,0.82,0,0.9,,,,,
368,Damage.Taeoh.FocusMode.Short.3,RangedDamage,130.8856,0.82,0,0.9,,,,,
369,Damage.Taeoh.FocusMode.Short.4,RangedDamage,154.445008,0.82,0,0.9,,,,,
370,Damage.Taeoh.FocusMode.Short.5,RangedDamage,182.2451094,0.82,0,0.9,,,,,
371,Damage.Taeoh.FocusMode.Long.1,RangedDamage,77,0.66,0,0.75,,,,,
372,Damage.Taeoh.FocusMode.Long.2,RangedDamage,90.86,0.66,0,0.75,,,,,
373,Damage.Taeoh.FocusMode.Long.3,RangedDamage,107.2148,0.66,0,0.75,,,,,
374,Damage.Taeoh.FocusMode.Long.4,RangedDamage,126.513464,0.66,0,0.75,,,,,
375,Damage.Taeoh.FocusMode.Long.5,RangedDamage,149.2858875,0.66,0,0.75,,,,,
376,Damage.Taeoh.FocusMode.Far.1,RangedDamage,56,0.48,0,0.55,,,,,
377,Damage.Taeoh.FocusMode.Far.2,RangedDamage,66.08,0.48,0,0.55,,,,,
378,Damage.Taeoh.FocusMode.Far.3,RangedDamage,77.9744,0.48,0,0.55,,,,,
379,Damage.Taeoh.FocusMode.Far.4,RangedDamage,92.009792,0.48,0,0.55,,,,,
380,Damage.Taeoh.FocusMode.Far.5,RangedDamage,108.5715546,0.48,0,0.55,,,,,
381,Damage.Taeoh.Grenadelauncher.Mine.1,RangedDamage,56,0.48,0,1,,,,,
382,Damage.Taeoh.Grenadelauncher.Mine.2,RangedDamage,66.08,0.48,0,1,,,,,
383,Damage.Taeoh.Grenadelauncher.Mine.3,RangedDamage,77.9744,0.48,0,1,,,,,
384,Damage.Taeoh.Grenadelauncher.Mine.4,RangedDamage,92.009792,0.48,0,1,,,,,
385,Damage.Taeoh.Grenadelauncher.Mine.5,RangedDamage,108.5715546,0.48,0,1,,,,,
386,Damage.Taeoh.DestructionMode.Explo.1,RangedDamage,147,1.26,0,0,,,,,
387,Damage.Taeoh.DestructionMode.Explo.2,RangedDamage,173.46,1.26,0,0,,,,,
388,Damage.Taeoh.DestructionMode.Explo.3,RangedDamage,204.6828,1.26,0,0,,,,,
389,Damage.Narae.Reform.Damage.1,RangedDamage,42,0.36,0,0.6,,,,,
390,Damage.Narae.Reform.Damage.2,RangedDamage,49.56,0.36,0,0.6,,,,,
391,Damage.Narae.Reform.Damage.3,RangedDamage,58.4808,0.36,0,0.6,,,,,
392,Damage.Narae.Reform.Damage.4,RangedDamage,69.007344,0.36,0,0.6,,,,,
393,Damage.Narae.Reform.Damage.5,RangedDamage,81.42866592,0.36,0,0.6,,,,,
394,Damage.Narae.Reform.Heal.1,Heal,38,0.34,0,0.6,,,,,
395,Damage.Narae.Reform.Heal.2,Heal,44.84,0.34,0,0.6,,,,,
396,Damage.Narae.Reform.Heal.3,Heal,52.9112,0.34,0,0.6,,,,,
397,Damage.Narae.Reform.Heal.4,Heal,62.435216,0.34,0,0.6,,,,,
398,Damage.Narae.Reform.Heal.5,Heal,73.67355488,0.34,0,0.6,,,,,
399,Damage.Narae.Reform.ChargeDamage.1,RangedDamage,56,0.48,0,0.8,,,,,
400,Damage.Narae.Reform.ChargeDamage.2,RangedDamage,66.08,0.48,0,0.8,,,,,
401,Damage.Narae.Reform.ChargeDamage.3,RangedDamage,77.9744,0.48,0,0.8,,,,,
402,Damage.Narae.Reform.ChargeDamage.4,RangedDamage,92.009792,0.48,0,0.8,,,,,
403,Damage.Narae.Reform.ChargeDamage.5,RangedDamage,108.5715546,0.48,0,0.8,,,,,
404,Damage.Narae.Reform.ChargeHeal.1,Heal,52,0.46,0,0.8,,,,,
405,Damage.Narae.Reform.ChargeHeal.2,Heal,61.36,0.46,0,0.8,,,,,
406,Damage.Narae.Reform.ChargeHeal.3,Heal,72.4048,0.46,0,0.8,,,,,
407,Damage.Narae.Reform.ChargeHeal.4,Heal,85.437664,0.46,0,0.8,,,,,
408,Damage.Narae.Reform.ChargeHeal.5,Heal,100.8164435,0.46,0,0.8,,,,,
409,Damage.Narae.Bind.Damage.1,RangedDamage,70,0.6,0,1.4,,,,,
410,Damage.Narae.Bind.Damage.2,RangedDamage,82.6,0.6,0,1.4,,,,,
411,Damage.Narae.Bind.Damage.3,RangedDamage,97.468,0.6,0,1.4,,,,,
412,Damage.Narae.Bind.Damage.4,RangedDamage,115.01224,0.6,0,1.4,,,,,
413,Damage.Narae.Bind.Damage.5,RangedDamage,135.7144432,0.6,0,1.4,,,,,
414,Damage.Narae.DivineCurtain.Atk.1,MeleeDamage,84,0.72,0,1.2,,,,,
415,Damage.Narae.DivineCurtain.Atk.2,MeleeDamage,99.12,0.72,0,1.2,,,,,
416,Damage.Narae.DivineCurtain.Atk.3,MeleeDamage,116.9616,0.72,0,1.2,,,,,
417,Damage.Narae.DivineCurtain.Atk.4,MeleeDamage,138.014688,0.72,0,1.2,,,,,
418,Damage.Narae.DivineCurtain.Atk.5,MeleeDamage,162.8573318,0.72,0,1.2,,,,,
419,Damage.Narae.DivineCurtain.Heal.1,Heal,21,0.18,0,0.15,,,,,
420,Damage.Narae.DivineCurtain.Heal.2,Heal,24.78,0.18,0,0.15,,,,,
421,Damage.Narae.DivineCurtain.Heal.3,Heal,29.2404,0.18,0,0.15,,,,,
422,Damage.Narae.DivineCurtain.Heal.4,Heal,34.503672,0.18,0,0.15,,,,,
423,Damage.Narae.DivineCurtain.Heal.5,Heal,40.71433296,0.18,0,0.15,,,,,
424,Damage.Narae.Reform.ChargeHeal.4,Heal,100.8164435,0.46,0,0,,,,,
425,Damage.Narae.Reform.ChargeHeal.5,Heal,118.9634034,0.46,0,0,,,,,
426,Damage.Narae.Bind.Damage.1,RangedDamage,82.6,0.6,0,0,,,,,
427,Damage.Narae.Bind.Damage.2,RangedDamage,97.468,0.6,0,0,,,,,
428,Damage.Narae.Bind.Damage.3,RangedDamage,115.01224,0.6,0,0,,,,,
429,Damage.Narae.Bind.Damage.4,RangedDamage,135.7144432,0.6,0,0,,,,,
430,Damage.Narae.Bind.Damage.5,RangedDamage,160.143043,0.6,0,0,,,,,
431,Damage.Narae.DivineCurtain.Atk.1,MeleeDamage,99.12,0.72,0,0,,,,,
432,Damage.Narae.DivineCurtain.Atk.2,MeleeDamage,116.9616,0.72,0,0,,,,,
433,Damage.Narae.DivineCurtain.Atk.3,MeleeDamage,138.014688,0.72,0,0,,,,,
434,Damage.Narae.DivineCurtain.Atk.4,MeleeDamage,162.8573318,0.72,0,0,,,,,
435,Damage.Narae.DivineCurtain.Atk.5,MeleeDamage,192.1716516,0.72,0,0,,,,,
436,Damage.Narae.DivineCurtain.Heal.1,Heal,24.78,0.18,0,0,,,,,
437,Damage.Narae.DivineCurtain.Heal.2,Heal,29.2404,0.18,0,0,,,,,
438,Damage.Narae.DivineCurtain.Heal.3,Heal,34.503672,0.18,0,0,,,,,
439,Damage.Narae.DivineCurtain.Heal.4,Heal,40.71433296,0.18,0,0,,,,,
440,Damage.Narae.DivineCurtain.Heal.5,Heal,48.04291289,0.18,0,0,,,,,
