Num,Tag,Level,LinkedTag
1,Damage.YuAhn.SpecialCut.Projectile,1,Damage.YuAhn.SpecialCut.Projectile.1
2,Damage.YuAhn.SpecialCut.Projectile,2,Damage.YuAhn.SpecialCut.Projectile.2
3,Damage.YuAhn.SpecialCut.Projectile,3,Damage.YuAhn.SpecialCut.Projectile.3
4,Damage.YuAhn.SpecialCut.Projectile,4,Damage.YuAhn.SpecialCut.Projectile.4
5,Damage.YuAhn.SpecialCut.Projectile,5,Damage.YuAhn.SpecialCut.Projectile.5
6,Damage.YuAhn.UnleashedSlash.Slash,1,Damage.YuAhn.UnleashedSlash.Slash.1
7,Damage.YuAhn.UnleashedSlash.Slash,2,Damage.YuAhn.UnleashedSlash.Slash.2
8,Damage.YuAhn.UnleashedSlash.Slash,3,Damage.YuAhn.UnleashedSlash.Slash.3
9,Damage.YuAhn.UnleashedSlash.Slash,4,Damage.YuAhn.UnleashedSlash.Slash.4
10,Damage.YuAhn.UnleashedSlash.Slash,5,Damage.YuAhn.UnleashedSlash.Slash.5
11,Cooldown.YuAhn.UnleashedSlash,1,Cooldown.YuAhn.UnleashedSlash.1
12,Cooldown.YuAhn.UnleashedSlash,2,Cooldown.YuAhn.UnleashedSlash.2
13,Cooldown.YuAhn.UnleashedSlash,3,Cooldown.YuAhn.UnleashedSlash.3
14,Cooldown.YuAhn.UnleashedSlash,4,Cooldown.YuAhn.UnleashedSlash.4
15,Cooldown.YuAhn.UnleashedSlash,5,Cooldown.YuAhn.UnleashedSlash.5
16,Damage.YuAhn.Flash.Normal,1,Damage.YuAhn.Flash.Normal.1
17,Damage.YuAhn.Flash.Normal,2,Damage.YuAhn.Flash.Normal.2
18,Damage.YuAhn.Flash.Normal,3,Damage.YuAhn.Flash.Normal.3
19,Damage.YuAhn.Flash.Normal,4,Damage.YuAhn.Flash.Normal.4
20,Damage.YuAhn.Flash.Normal,5,Damage.YuAhn.Flash.Normal.5
21,Cooldown.YuAhn.Flash,1,Cooldown.YuAhn.Flash.1
22,Cooldown.YuAhn.Flash,2,Cooldown.YuAhn.Flash.2
23,Cooldown.YuAhn.Flash,3,Cooldown.YuAhn.Flash.3
24,Cooldown.YuAhn.Flash,4,Cooldown.YuAhn.Flash.4
25,Cooldown.YuAhn.Flash,5,Cooldown.YuAhn.Flash.5
26,Damage.YuAhn.Flash.Assimilation,1,Damage.YuAhn.Flash.Assimilation.1
27,Damage.YuAhn.Flash.Assimilation,2,Damage.YuAhn.Flash.Assimilation.2
28,Damage.YuAhn.Flash.Assimilation,3,Damage.YuAhn.Flash.Assimilation.3
29,Damage.YuAhn.Flash.Assimilation,4,Damage.YuAhn.Flash.Assimilation.4
30,Damage.YuAhn.Flash.Assimilation,5,Damage.YuAhn.Flash.Assimilation.5
31,Damage.YuAhn.Flash.AssimilationFinish,1,Damage.YuAhn.Flash.AssimilationFinish.1
32,Damage.YuAhn.Flash.AssimilationFinish,2,Damage.YuAhn.Flash.AssimilationFinish.2
33,Damage.YuAhn.Flash.AssimilationFinish,3,Damage.YuAhn.Flash.AssimilationFinish.3
34,Damage.YuAhn.Flash.AssimilationFinish,4,Damage.YuAhn.Flash.AssimilationFinish.4
35,Damage.YuAhn.Flash.AssimilationFinish,5,Damage.YuAhn.Flash.AssimilationFinish.5
36,Damage.YuAhn.Bisection.Normal,1,Damage.YuAhn.Bisection.Normal.1
37,Damage.YuAhn.Bisection.Normal,2,Damage.YuAhn.Bisection.Normal.2
38,Damage.YuAhn.Bisection.Normal,3,Damage.YuAhn.Bisection.Normal.3
39,Damage.YuAhn.Bisection.Normal,4,Damage.YuAhn.Bisection.Normal.4
40,Damage.YuAhn.Bisection.Normal,5,Damage.YuAhn.Bisection.Normal.5
41,Cooldown.YuAhn.Bisection,1,Cooldown.YuAhn.Bisection.1
42,Cooldown.YuAhn.Bisection,2,Cooldown.YuAhn.Bisection.2
43,Cooldown.YuAhn.Bisection,3,Cooldown.YuAhn.Bisection.3
44,Cooldown.YuAhn.Bisection,4,Cooldown.YuAhn.Bisection.4
45,Cooldown.YuAhn.Bisection,5,Cooldown.YuAhn.Bisection.5
46,Damage.YuAhn.Bisection.Assimilation,1,Damage.YuAhn.Bisection.Assimilation.1
47,Damage.YuAhn.Bisection.Assimilation,2,Damage.YuAhn.Bisection.Assimilation.2
48,Damage.YuAhn.Bisection.Assimilation,3,Damage.YuAhn.Bisection.Assimilation.3
49,Damage.YuAhn.Bisection.Assimilation,4,Damage.YuAhn.Bisection.Assimilation.4
50,Damage.YuAhn.Bisection.Assimilation,5,Damage.YuAhn.Bisection.Assimilation.5
51,Damage.YuAhn.PerceiveHazard.Repeat,1,Damage.YuAhn.PerceiveHazard.Repeat.1
52,Damage.YuAhn.PerceiveHazard.Repeat,2,Damage.YuAhn.PerceiveHazard.Repeat.2
53,Damage.YuAhn.PerceiveHazard.Repeat,3,Damage.YuAhn.PerceiveHazard.Repeat.3
54,Damage.YuAhn.PerceiveHazard.Repeat,4,Damage.YuAhn.PerceiveHazard.Repeat.4
55,Damage.YuAhn.PerceiveHazard.Repeat,5,Damage.YuAhn.PerceiveHazard.Repeat.5
56,Cooldown.YuAhn.PerceiveHazard,1,Cooldown.YuAhn.PerceiveHazard.1
57,Cooldown.YuAhn.PerceiveHazard,2,Cooldown.YuAhn.PerceiveHazard.2
58,Cooldown.YuAhn.PerceiveHazard,3,Cooldown.YuAhn.PerceiveHazard.3
59,Cooldown.YuAhn.PerceiveHazard,4,Cooldown.YuAhn.PerceiveHazard.4
60,Cooldown.YuAhn.PerceiveHazard,5,Cooldown.YuAhn.PerceiveHazard.5
61,Damage.YuAhn.PerceiveHazard.Finish,1,Damage.YuAhn.PerceiveHazard.Finish.1
62,Damage.YuAhn.PerceiveHazard.Finish,2,Damage.YuAhn.PerceiveHazard.Finish.2
63,Damage.YuAhn.PerceiveHazard.Finish,3,Damage.YuAhn.PerceiveHazard.Finish.3
64,Damage.YuAhn.PerceiveHazard.Finish,4,Damage.YuAhn.PerceiveHazard.Finish.4
65,Damage.YuAhn.PerceiveHazard.Finish,5,Damage.YuAhn.PerceiveHazard.Finish.5
66,Damage.YuAhn.Assimilation.NormalAttack,1,Damage.YuAhn.Assimilation.NormalAttack.1
67,Damage.YuAhn.Assimilation.NormalAttack,2,Damage.YuAhn.Assimilation.NormalAttack.2
68,Damage.YuAhn.Assimilation.NormalAttack,3,Damage.YuAhn.Assimilation.NormalAttack.3
69,Damage.Voyaka.GatlingPunch.Double,1,Damage.Voyaka.GatlingPunch.Double.1
70,Damage.Voyaka.GatlingPunch.Double,2,Damage.Voyaka.GatlingPunch.Double.2
71,Damage.Voyaka.GatlingPunch.Double,3,Damage.Voyaka.GatlingPunch.Double.3
72,Damage.Voyaka.GatlingPunch.Double,4,Damage.Voyaka.GatlingPunch.Double.4
73,Damage.Voyaka.GatlingPunch.Double,5,Damage.Voyaka.GatlingPunch.Double.5
74,Damage.Voyaka.GatlingPunch.Finish,1,Damage.Voyaka.GatlingPunch.Finish.1
75,Damage.Voyaka.GatlingPunch.Finish,2,Damage.Voyaka.GatlingPunch.Finish.2
76,Damage.Voyaka.GatlingPunch.Finish,3,Damage.Voyaka.GatlingPunch.Finish.3
77,Damage.Voyaka.GatlingPunch.Finish,4,Damage.Voyaka.GatlingPunch.Finish.4
78,Damage.Voyaka.GatlingPunch.Finish,5,Damage.Voyaka.GatlingPunch.Finish.5
79,Damage.Voyaka.GatlingPunch.Air,1,Damage.Voyaka.GatlingPunch.Air.1
80,Damage.Voyaka.GatlingPunch.Air,2,Damage.Voyaka.GatlingPunch.Air.2
81,Damage.Voyaka.GatlingPunch.Air,3,Damage.Voyaka.GatlingPunch.Air.3
82,Damage.Voyaka.GatlingPunch.Air,4,Damage.Voyaka.GatlingPunch.Air.4
83,Damage.Voyaka.GatlingPunch.Air,5,Damage.Voyaka.GatlingPunch.Air.5
84,Damage.Voyaka.ExploPunch.Punch,1,Damage.Voyaka.ExploPunch.Punch.1
85,Damage.Voyaka.ExploPunch.Punch,2,Damage.Voyaka.ExploPunch.Punch.2
86,Damage.Voyaka.ExploPunch.Punch,3,Damage.Voyaka.ExploPunch.Punch.3
87,Damage.Voyaka.ExploPunch.Punch,4,Damage.Voyaka.ExploPunch.Punch.4
88,Damage.Voyaka.ExploPunch.Punch,5,Damage.Voyaka.ExploPunch.Punch.5
89,Cooldown.Voyaka.ExploPunch,1,Cooldown.Voyaka.ExploPunch.1
90,Cooldown.Voyaka.ExploPunch,2,Cooldown.Voyaka.ExploPunch.2
91,Cooldown.Voyaka.ExploPunch,3,Cooldown.Voyaka.ExploPunch.3
92,Cooldown.Voyaka.ExploPunch,4,Cooldown.Voyaka.ExploPunch.4
93,Cooldown.Voyaka.ExploPunch,5,Cooldown.Voyaka.ExploPunch.5
94,Damage.Voyaka.ExploPunch.InAir,1,Damage.Voyaka.ExploPunch.InAir.1
95,Damage.Voyaka.ExploPunch.InAir,2,Damage.Voyaka.ExploPunch.InAir.2
96,Damage.Voyaka.ExploPunch.InAir,3,Damage.Voyaka.ExploPunch.InAir.3
97,Damage.Voyaka.ExploPunch.InAir,4,Damage.Voyaka.ExploPunch.InAir.4
98,Damage.Voyaka.ExploPunch.InAir,5,Damage.Voyaka.ExploPunch.InAir.5
99,Damage.Voyaka.BodySlam.Success,1,Damage.Voyaka.BodySlam.Success.1
100,Damage.Voyaka.BodySlam.Success,2,Damage.Voyaka.BodySlam.Success.2
101,Damage.Voyaka.BodySlam.Success,3,Damage.Voyaka.BodySlam.Success.3
102,Damage.Voyaka.BodySlam.Success,4,Damage.Voyaka.BodySlam.Success.4
103,Damage.Voyaka.BodySlam.Success,5,Damage.Voyaka.BodySlam.Success.5
104,Cooldown.Voyaka.BodySlam,1,Cooldown.Voyaka.BodySlam.1
105,Cooldown.Voyaka.BodySlam,2,Cooldown.Voyaka.BodySlam.2
106,Cooldown.Voyaka.BodySlam,3,Cooldown.Voyaka.BodySlam.3
107,Cooldown.Voyaka.BodySlam,4,Cooldown.Voyaka.BodySlam.4
108,Cooldown.Voyaka.BodySlam,5,Cooldown.Voyaka.BodySlam.5
109,Damage.Voyaka.HeatUp.Exhaust,1,Damage.Voyaka.HeatUp.Exhaust.1
110,Damage.Voyaka.HeatUp.Exhaust,2,Damage.Voyaka.HeatUp.Exhaust.2
111,Damage.Voyaka.HeatUp.Exhaust,3,Damage.Voyaka.HeatUp.Exhaust.3
112,Damage.Voyaka.HeatUp.Exhaust,4,Damage.Voyaka.HeatUp.Exhaust.4
113,Damage.Voyaka.HeatUp.Exhaust,5,Damage.Voyaka.HeatUp.Exhaust.5
114,Cooldown.Voyaka.HeatUp,1,Cooldown.Voyaka.HeatUp.1
115,Cooldown.Voyaka.HeatUp,2,Cooldown.Voyaka.HeatUp.2
116,Cooldown.Voyaka.HeatUp,3,Cooldown.Voyaka.HeatUp.3
117,Cooldown.Voyaka.HeatUp,4,Cooldown.Voyaka.HeatUp.4
118,Cooldown.Voyaka.HeatUp,5,Cooldown.Voyaka.HeatUp.5
119,Damage.Voyaka.HeatUp.Heal,1,Damage.Voyaka.HeatUp.Heal.1
120,Damage.Voyaka.HeatUp.Heal,2,Damage.Voyaka.HeatUp.Heal.2
121,Damage.Voyaka.HeatUp.Heal,3,Damage.Voyaka.HeatUp.Heal.3
122,Damage.Voyaka.HeatUp.Heal,4,Damage.Voyaka.HeatUp.Heal.4
123,Damage.Voyaka.HeatUp.Heal,5,Damage.Voyaka.HeatUp.Heal.5
124,Damage.Voyaka.HeatUp.ExploPunch,1,Damage.Voyaka.HeatUp.ExploPunch.1
125,Damage.Voyaka.HeatUp.ExploPunch,2,Damage.Voyaka.HeatUp.ExploPunch.2
126,Damage.Voyaka.HeatUp.ExploPunch,3,Damage.Voyaka.HeatUp.ExploPunch.3
127,Damage.Voyaka.HeatUp.ExploPunch,4,Damage.Voyaka.HeatUp.ExploPunch.4
128,Damage.Voyaka.HeatUp.ExploPunch,5,Damage.Voyaka.HeatUp.ExploPunch.5
129,Cooldown.Voyaka.Booster,1,Cooldown.Voyaka.Booster.1
130,Cooldown.Voyaka.Booster,2,Cooldown.Voyaka.Booster.2
131,Cooldown.Voyaka.Booster,3,Cooldown.Voyaka.Booster.3
132,Cooldown.Voyaka.Booster,4,Cooldown.Voyaka.Booster.4
133,Cooldown.Voyaka.Booster,5,Cooldown.Voyaka.Booster.5
134,Damage.Voyaka.IncinerationCannon.Burst,1,Damage.Voyaka.IncinerationCannon.Burst.1
135,Damage.Voyaka.IncinerationCannon.Burst,2,Damage.Voyaka.IncinerationCannon.Burst.2
136,Damage.Voyaka.IncinerationCannon.Burst,3,Damage.Voyaka.IncinerationCannon.Burst.3
137,Damage.Rei.FrostCutter.Slash,1,Damage.Rei.FrostCutter.Slash.1
138,Damage.Rei.FrostCutter.Slash,2,Damage.Rei.FrostCutter.Slash.2
139,Damage.Rei.FrostCutter.Slash,3,Damage.Rei.FrostCutter.Slash.3
140,Damage.Rei.FrostCutter.Slash,4,Damage.Rei.FrostCutter.Slash.4
141,Damage.Rei.FrostCutter.Slash,5,Damage.Rei.FrostCutter.Slash.5
142,Damage.Rei.IceJavelin.Normal,1,Damage.Rei.IceJavelin.Normal.1
143,Damage.Rei.IceJavelin.Normal,2,Damage.Rei.IceJavelin.Normal.2
144,Damage.Rei.IceJavelin.Normal,3,Damage.Rei.IceJavelin.Normal.3
145,Damage.Rei.IceJavelin.Normal,4,Damage.Rei.IceJavelin.Normal.4
146,Damage.Rei.IceJavelin.Normal,5,Damage.Rei.IceJavelin.Normal.5
147,Cooldown.Rei.IceJavelin,1,Cooldown.Rei.IceJavelin.1
148,Cooldown.Rei.IceJavelin,2,Cooldown.Rei.IceJavelin.2
149,Cooldown.Rei.IceJavelin,3,Cooldown.Rei.IceJavelin.3
150,Cooldown.Rei.IceJavelin,4,Cooldown.Rei.IceJavelin.4
151,Cooldown.Rei.IceJavelin,5,Cooldown.Rei.IceJavelin.5
152,Damage.Rei.IceJavelin.FullCharged,1,Damage.Rei.IceJavelin.FullCharged.1
153,Damage.Rei.IceJavelin.FullCharged,2,Damage.Rei.IceJavelin.FullCharged.2
154,Damage.Rei.IceJavelin.FullCharged,3,Damage.Rei.IceJavelin.FullCharged.3
155,Damage.Rei.IceJavelin.FullCharged,4,Damage.Rei.IceJavelin.FullCharged.4
156,Damage.Rei.IceJavelin.FullCharged,5,Damage.Rei.IceJavelin.FullCharged.5
157,Damage.Rei.GlacialPillar.CreateAttack,1,Damage.Rei.GlacialPillar.CreateAttack.1
158,Damage.Rei.GlacialPillar.CreateAttack,2,Damage.Rei.GlacialPillar.CreateAttack.2
159,Damage.Rei.GlacialPillar.CreateAttack,3,Damage.Rei.GlacialPillar.CreateAttack.3
160,Damage.Rei.GlacialPillar.CreateAttack,4,Damage.Rei.GlacialPillar.CreateAttack.4
161,Damage.Rei.GlacialPillar.CreateAttack,5,Damage.Rei.GlacialPillar.CreateAttack.5
162,Cooldown.Rei.GlacialPillar,1,Cooldown.Rei.GlacialPillar.1
163,Cooldown.Rei.GlacialPillar,2,Cooldown.Rei.GlacialPillar.2
164,Cooldown.Rei.GlacialPillar,3,Cooldown.Rei.GlacialPillar.3
165,Cooldown.Rei.GlacialPillar,4,Cooldown.Rei.GlacialPillar.4
166,Cooldown.Rei.GlacialPillar,5,Cooldown.Rei.GlacialPillar.5
167,Damage.Rei.GlacialPillar.FinishExplo,1,Damage.Rei.GlacialPillar.FinishExplo.1
168,Damage.Rei.GlacialPillar.FinishExplo,2,Damage.Rei.GlacialPillar.FinishExplo.2
169,Damage.Rei.GlacialPillar.FinishExplo,3,Damage.Rei.GlacialPillar.FinishExplo.3
170,Damage.Rei.GlacialPillar.FinishExplo,4,Damage.Rei.GlacialPillar.FinishExplo.4
171,Damage.Rei.GlacialPillar.FinishExplo,5,Damage.Rei.GlacialPillar.FinishExplo.5
172,Damage.Rei.Hailstorm.Attack,1,Damage.Rei.Hailstorm.Attack.1
173,Damage.Rei.Hailstorm.Attack,2,Damage.Rei.Hailstorm.Attack.2
174,Damage.Rei.Hailstorm.Attack,3,Damage.Rei.Hailstorm.Attack.3
175,Damage.Rei.Hailstorm.Attack,4,Damage.Rei.Hailstorm.Attack.4
176,Damage.Rei.Hailstorm.Attack,5,Damage.Rei.Hailstorm.Attack.5
177,Cooldown.Rei.Hailstorm,1,Cooldown.Rei.Hailstorm.1
178,Cooldown.Rei.Hailstorm,2,Cooldown.Rei.Hailstorm.2
179,Cooldown.Rei.Hailstorm,3,Cooldown.Rei.Hailstorm.3
180,Cooldown.Rei.Hailstorm,4,Cooldown.Rei.Hailstorm.4
181,Cooldown.Rei.Hailstorm,5,Cooldown.Rei.Hailstorm.5
182,Cooldown.Rei.CrystalSurfing,1,Cooldown.Rei.CrystalSurfing.1
183,Cooldown.Rei.CrystalSurfing,2,Cooldown.Rei.CrystalSurfing.2
184,Cooldown.Rei.CrystalSurfing,3,Cooldown.Rei.CrystalSurfing.3
185,Cooldown.Rei.CrystalSurfing,4,Cooldown.Rei.CrystalSurfing.4
186,Cooldown.Rei.CrystalSurfing,5,Cooldown.Rei.CrystalSurfing.5
187,Damage.Rei.FrozenFlower.Attack,1,Damage.Rei.FrozenFlower.Attack.1
188,Damage.Rei.FrozenFlower.Attack,2,Damage.Rei.FrozenFlower.Attack.2
189,Damage.Rei.FrozenFlower.Attack,3,Damage.Rei.FrozenFlower.Attack.3
190,Damage.Bernhard.NormalAtk.Slash,1,Damage.Bernhard.NormalAtk.Slash.1
191,Damage.Bernhard.NormalAtk.Slash,2,Damage.Bernhard.NormalAtk.Slash.2
192,Damage.Bernhard.NormalAtk.Slash,3,Damage.Bernhard.NormalAtk.Slash.3
193,Damage.Bernhard.NormalAtk.Slash,4,Damage.Bernhard.NormalAtk.Slash.4
194,Damage.Bernhard.NormalAtk.Slash,5,Damage.Bernhard.NormalAtk.Slash.5
195,Damage.Bernhard.NormalAtk.Finish,1,Damage.Bernhard.NormalAtk.Finish.1
196,Damage.Bernhard.NormalAtk.Finish,2,Damage.Bernhard.NormalAtk.Finish.2
197,Damage.Bernhard.NormalAtk.Finish,3,Damage.Bernhard.NormalAtk.Finish.3
198,Damage.Bernhard.NormalAtk.Finish,4,Damage.Bernhard.NormalAtk.Finish.4
199,Damage.Bernhard.NormalAtk.Finish,5,Damage.Bernhard.NormalAtk.Finish.5
200,Damage.Bernhard.CrazyAtk.Start,1,Damage.Bernhard.CrazyAtk.Start.1
201,Damage.Bernhard.CrazyAtk.Start,2,Damage.Bernhard.CrazyAtk.Start.2
202,Damage.Bernhard.CrazyAtk.Start,3,Damage.Bernhard.CrazyAtk.Start.3
203,Damage.Bernhard.CrazyAtk.Start,4,Damage.Bernhard.CrazyAtk.Start.4
204,Damage.Bernhard.CrazyAtk.Start,5,Damage.Bernhard.CrazyAtk.Start.5
205,Cooldown.Bernhard.CrazyAtk,1,Cooldown.Bernhard.CrazyAtk.1
206,Cooldown.Bernhard.CrazyAtk,2,Cooldown.Bernhard.CrazyAtk.2
207,Cooldown.Bernhard.CrazyAtk,3,Cooldown.Bernhard.CrazyAtk.3
208,Cooldown.Bernhard.CrazyAtk,4,Cooldown.Bernhard.CrazyAtk.4
209,Cooldown.Bernhard.CrazyAtk,5,Cooldown.Bernhard.CrazyAtk.5
210,Damage.Bernhard.CrazyAtk.Loop,1,Damage.Bernhard.CrazyAtk.Loop.1
211,Damage.Bernhard.CrazyAtk.Loop,2,Damage.Bernhard.CrazyAtk.Loop.2
212,Damage.Bernhard.CrazyAtk.Loop,3,Damage.Bernhard.CrazyAtk.Loop.3
213,Damage.Bernhard.CrazyAtk.Loop,4,Damage.Bernhard.CrazyAtk.Loop.4
214,Damage.Bernhard.CrazyAtk.Loop,5,Damage.Bernhard.CrazyAtk.Loop.5
215,Damage.Bernhard.CrazyAtk.End,1,Damage.Bernhard.CrazyAtk.End.1
216,Damage.Bernhard.CrazyAtk.End,2,Damage.Bernhard.CrazyAtk.End.2
217,Damage.Bernhard.CrazyAtk.End,3,Damage.Bernhard.CrazyAtk.End.3
218,Damage.Bernhard.CrazyAtk.End,4,Damage.Bernhard.CrazyAtk.End.4
219,Damage.Bernhard.CrazyAtk.End,5,Damage.Bernhard.CrazyAtk.End.5
220,Cooldown.Bernhard.IncreaseRage,1,Cooldown.Bernhard.IncreaseRage.1
221,Cooldown.Bernhard.IncreaseRage,2,Cooldown.Bernhard.IncreaseRage.2
222,Cooldown.Bernhard.IncreaseRage,3,Cooldown.Bernhard.IncreaseRage.3
223,Cooldown.Bernhard.IncreaseRage,4,Cooldown.Bernhard.IncreaseRage.4
224,Cooldown.Bernhard.IncreaseRage,5,Cooldown.Bernhard.IncreaseRage.5
225,Damage.Bernhard.QuakeAtk.Slash,1,Damage.Bernhard.QuakeAtk.Slash.1
226,Damage.Bernhard.QuakeAtk.Slash,2,Damage.Bernhard.QuakeAtk.Slash.2
227,Damage.Bernhard.QuakeAtk.Slash,3,Damage.Bernhard.QuakeAtk.Slash.3
228,Damage.Bernhard.QuakeAtk.Slash,4,Damage.Bernhard.QuakeAtk.Slash.4
229,Damage.Bernhard.QuakeAtk.Slash,5,Damage.Bernhard.QuakeAtk.Slash.5
230,Cooldown.Bernhard.QuakeAtk,1,Cooldown.Bernhard.QuakeAtk.1
231,Cooldown.Bernhard.QuakeAtk,2,Cooldown.Bernhard.QuakeAtk.2
232,Cooldown.Bernhard.QuakeAtk,3,Cooldown.Bernhard.QuakeAtk.3
233,Cooldown.Bernhard.QuakeAtk,4,Cooldown.Bernhard.QuakeAtk.4
234,Cooldown.Bernhard.QuakeAtk,5,Cooldown.Bernhard.QuakeAtk.5
235,Damage.Bernhard.QuakeAtk.Quake,1,Damage.Bernhard.QuakeAtk.Quake.1
236,Damage.Bernhard.QuakeAtk.Quake,2,Damage.Bernhard.QuakeAtk.Quake.2
237,Damage.Bernhard.QuakeAtk.Quake,3,Damage.Bernhard.QuakeAtk.Quake.3
238,Damage.Bernhard.QuakeAtk.Quake,4,Damage.Bernhard.QuakeAtk.Quake.4
239,Damage.Bernhard.QuakeAtk.Quake,5,Damage.Bernhard.QuakeAtk.Quake.5
240,Damage.Bernhard.ShoulderAtk.Smash,1,Damage.Bernhard.ShoulderAtk.Smash.1
241,Damage.Bernhard.ShoulderAtk.Smash,2,Damage.Bernhard.ShoulderAtk.Smash.2
242,Damage.Bernhard.ShoulderAtk.Smash,3,Damage.Bernhard.ShoulderAtk.Smash.3
243,Damage.Bernhard.ShoulderAtk.Smash,4,Damage.Bernhard.ShoulderAtk.Smash.4
244,Damage.Bernhard.ShoulderAtk.Smash,5,Damage.Bernhard.ShoulderAtk.Smash.5
245,Cooldown.Bernhard.ShoulderAtk,1,Cooldown.Bernhard.ShoulderAtk.1
246,Cooldown.Bernhard.ShoulderAtk,2,Cooldown.Bernhard.ShoulderAtk.2
247,Cooldown.Bernhard.ShoulderAtk,3,Cooldown.Bernhard.ShoulderAtk.3
248,Cooldown.Bernhard.ShoulderAtk,4,Cooldown.Bernhard.ShoulderAtk.4
249,Cooldown.Bernhard.ShoulderAtk,5,Cooldown.Bernhard.ShoulderAtk.5
250,Damage.Bernhard.TornadoAtk.Slash,1,Damage.Bernhard.TornadoAtk.Slash.1
251,Damage.Bernhard.TornadoAtk.Slash,2,Damage.Bernhard.TornadoAtk.Slash.2
252,Damage.Bernhard.TornadoAtk.Slash,3,Damage.Bernhard.TornadoAtk.Slash.3
253,Damage.Bernhard.TornadoAtk.Add,1,Damage.Bernhard.TornadoAtk.Add.1
254,Damage.Bernhard.TornadoAtk.Add,2,Damage.Bernhard.TornadoAtk.Add.2
255,Damage.Bernhard.TornadoAtk.Add,3,Damage.Bernhard.TornadoAtk.Add.3
256,Damage.Lucy.BloodySpear.Shot,1,Damage.Lucy.BloodySpear.Shot.1
257,Damage.Lucy.BloodySpear.Shot,2,Damage.Lucy.BloodySpear.Shot.2
258,Damage.Lucy.BloodySpear.Shot,3,Damage.Lucy.BloodySpear.Shot.3
259,Damage.Lucy.BloodySpear.Shot,4,Damage.Lucy.BloodySpear.Shot.4
260,Damage.Lucy.BloodySpear.Shot,5,Damage.Lucy.BloodySpear.Shot.5
261,Damage.Lucy.BloodyExplosion.Bat,1,Damage.Lucy.BloodyExplosion.Bat.1
262,Damage.Lucy.BloodyExplosion.Bat,2,Damage.Lucy.BloodyExplosion.Bat.2
263,Damage.Lucy.BloodyExplosion.Bat,3,Damage.Lucy.BloodyExplosion.Bat.3
264,Damage.Lucy.BloodyExplosion.Bat,4,Damage.Lucy.BloodyExplosion.Bat.4
265,Damage.Lucy.BloodyExplosion.Bat,5,Damage.Lucy.BloodyExplosion.Bat.5
266,Cooldown.Lucy.BloodyExplosion,1,Cooldown.Lucy.BloodyExplosion.1
267,Cooldown.Lucy.BloodyExplosion,2,Cooldown.Lucy.BloodyExplosion.2
268,Cooldown.Lucy.BloodyExplosion,3,Cooldown.Lucy.BloodyExplosion.3
269,Cooldown.Lucy.BloodyExplosion,4,Cooldown.Lucy.BloodyExplosion.4
270,Cooldown.Lucy.BloodyExplosion,5,Cooldown.Lucy.BloodyExplosion.5
271,Damage.Lucy.BloodyExplosion.Bomb1,1,Damage.Lucy.BloodyExplosion.Bomb1.1
272,Damage.Lucy.BloodyExplosion.Bomb1,2,Damage.Lucy.BloodyExplosion.Bomb1.2
273,Damage.Lucy.BloodyExplosion.Bomb1,3,Damage.Lucy.BloodyExplosion.Bomb1.3
274,Damage.Lucy.BloodyExplosion.Bomb1,4,Damage.Lucy.BloodyExplosion.Bomb1.4
275,Damage.Lucy.BloodyExplosion.Bomb1,5,Damage.Lucy.BloodyExplosion.Bomb1.5
276,Damage.Lucy.BloodyExplosion.Bomb2,1,Damage.Lucy.BloodyExplosion.Bomb2.1
277,Damage.Lucy.BloodyExplosion.Bomb2,2,Damage.Lucy.BloodyExplosion.Bomb2.2
278,Damage.Lucy.BloodyExplosion.Bomb2,3,Damage.Lucy.BloodyExplosion.Bomb2.3
279,Damage.Lucy.BloodyExplosion.Bomb2,4,Damage.Lucy.BloodyExplosion.Bomb2.4
280,Damage.Lucy.BloodyExplosion.Bomb2,5,Damage.Lucy.BloodyExplosion.Bomb2.5
281,Damage.Lucy.BloodyExplosion.Bomb3,1,Damage.Lucy.BloodyExplosion.Bomb3.1
282,Damage.Lucy.BloodyExplosion.Bomb3,2,Damage.Lucy.BloodyExplosion.Bomb3.2
283,Damage.Lucy.BloodyExplosion.Bomb3,3,Damage.Lucy.BloodyExplosion.Bomb3.3
284,Damage.Lucy.BloodyExplosion.Bomb3,4,Damage.Lucy.BloodyExplosion.Bomb3.4
285,Damage.Lucy.BloodyExplosion.Bomb3,5,Damage.Lucy.BloodyExplosion.Bomb3.5
286,Damage.Lucy.BloodyHand.End,1,Damage.Lucy.BloodyHand.End.1
287,Damage.Lucy.BloodyHand.End,2,Damage.Lucy.BloodyHand.End.2
288,Damage.Lucy.BloodyHand.End,3,Damage.Lucy.BloodyHand.End.3
289,Damage.Lucy.BloodyHand.End,4,Damage.Lucy.BloodyHand.End.4
290,Damage.Lucy.BloodyHand.End,5,Damage.Lucy.BloodyHand.End.5
291,Cooldown.Lucy.BloodyHand,1,Cooldown.Lucy.BloodyHand.1
292,Cooldown.Lucy.BloodyHand,2,Cooldown.Lucy.BloodyHand.2
293,Cooldown.Lucy.BloodyHand,3,Cooldown.Lucy.BloodyHand.3
294,Cooldown.Lucy.BloodyHand,4,Cooldown.Lucy.BloodyHand.4
295,Cooldown.Lucy.BloodyHand,5,Cooldown.Lucy.BloodyHand.5
296,Damage.Lucy.BloodyPool.Pick,1,Damage.Lucy.BloodyPool.Pick.1
297,Damage.Lucy.BloodyPool.Pick,2,Damage.Lucy.BloodyPool.Pick.2
298,Damage.Lucy.BloodyPool.Pick,3,Damage.Lucy.BloodyPool.Pick.3
299,Damage.Lucy.BloodyPool.Pick,4,Damage.Lucy.BloodyPool.Pick.4
300,Damage.Lucy.BloodyPool.Pick,5,Damage.Lucy.BloodyPool.Pick.5
301,Cooldown.Lucy.BloodyPool,1,Cooldown.Lucy.BloodyPool.1
302,Cooldown.Lucy.BloodyPool,2,Cooldown.Lucy.BloodyPool.2
303,Cooldown.Lucy.BloodyPool,3,Cooldown.Lucy.BloodyPool.3
304,Cooldown.Lucy.BloodyPool,4,Cooldown.Lucy.BloodyPool.4
305,Cooldown.Lucy.BloodyPool,5,Cooldown.Lucy.BloodyPool.5
306,Cooldown.Lucy.BloodyBat,1,Cooldown.Lucy.BloodyBat.1
307,Cooldown.Lucy.BloodyBat,2,Cooldown.Lucy.BloodyBat.2
308,Cooldown.Lucy.BloodyBat,3,Cooldown.Lucy.BloodyBat.3
309,Cooldown.Lucy.BloodyBat,4,Cooldown.Lucy.BloodyBat.4
310,Cooldown.Lucy.BloodyBat,5,Cooldown.Lucy.BloodyBat.5
311,Damage.Lucy.BloodyWingAtk.Shot,1,Damage.Lucy.BloodyWingAtk.Shot.1
312,Damage.Lucy.BloodyWingAtk.Shot,2,Damage.Lucy.BloodyWingAtk.Shot.2
313,Damage.Lucy.BloodyWingAtk.Shot,3,Damage.Lucy.BloodyWingAtk.Shot.3
314,Damage.Laky.TripleSlash.Slash,1,Damage.Laky.TripleSlash.Slash.1
315,Damage.Laky.TripleSlash.Slash,2,Damage.Laky.TripleSlash.Slash.2
316,Damage.Laky.TripleSlash.Slash,3,Damage.Laky.TripleSlash.Slash.3
317,Damage.Laky.TripleSlash.Slash,4,Damage.Laky.TripleSlash.Slash.4
318,Damage.Laky.TripleSlash.Slash,5,Damage.Laky.TripleSlash.Slash.5
319,Damage.Laky.TripleSlash.Finish,1,Damage.Laky.TripleSlash.Finish.1
320,Damage.Laky.TripleSlash.Finish,2,Damage.Laky.TripleSlash.Finish.2
321,Damage.Laky.TripleSlash.Finish,3,Damage.Laky.TripleSlash.Finish.3
322,Damage.Laky.TripleSlash.Finish,4,Damage.Laky.TripleSlash.Finish.4
323,Damage.Laky.TripleSlash.Finish,5,Damage.Laky.TripleSlash.Finish.5
324,Damage.Laky.JellyShot.Shot,1,Damage.Laky.JellyShot.Shot.1
325,Damage.Laky.JellyShot.Shot,2,Damage.Laky.JellyShot.Shot.2
326,Damage.Laky.JellyShot.Shot,3,Damage.Laky.JellyShot.Shot.3
327,Damage.Laky.JellyShot.Shot,4,Damage.Laky.JellyShot.Shot.4
328,Damage.Laky.JellyShot.Shot,5,Damage.Laky.JellyShot.Shot.5
329,Cooldown.Laky.JellyShot,1,Cooldown.Laky.JellyShot.1
330,Cooldown.Laky.JellyShot,2,Cooldown.Laky.JellyShot.2
331,Cooldown.Laky.JellyShot,3,Cooldown.Laky.JellyShot.3
332,Cooldown.Laky.JellyShot,4,Cooldown.Laky.JellyShot.4
333,Cooldown.Laky.JellyShot,5,Cooldown.Laky.JellyShot.5
334,Damage.Laky.JellyShot.Atk,1,Damage.Laky.JellyShot.Atk.1
335,Damage.Laky.JellyShot.Atk,2,Damage.Laky.JellyShot.Atk.2
336,Damage.Laky.JellyShot.Atk,3,Damage.Laky.JellyShot.Atk.3
337,Damage.Laky.JellyShot.Atk,4,Damage.Laky.JellyShot.Atk.4
338,Damage.Laky.JellyShot.Atk,5,Damage.Laky.JellyShot.Atk.5
339,Damage.Laky.StampCombo.Stamp1,1,Damage.Laky.StampCombo.Stamp1.1
340,Damage.Laky.StampCombo.Stamp1,2,Damage.Laky.StampCombo.Stamp1.2
341,Damage.Laky.StampCombo.Stamp1,3,Damage.Laky.StampCombo.Stamp1.3
342,Damage.Laky.StampCombo.Stamp1,4,Damage.Laky.StampCombo.Stamp1.4
343,Damage.Laky.StampCombo.Stamp1,5,Damage.Laky.StampCombo.Stamp1.5
344,Cooldown.Laky.StampCombo,1,Cooldown.Laky.StampCombo.1
345,Cooldown.Laky.StampCombo,2,Cooldown.Laky.StampCombo.2
346,Cooldown.Laky.StampCombo,3,Cooldown.Laky.StampCombo.3
347,Cooldown.Laky.StampCombo,4,Cooldown.Laky.StampCombo.4
348,Cooldown.Laky.StampCombo,5,Cooldown.Laky.StampCombo.5
349,Damage.Laky.StampCombo.Stamp2,1,Damage.Laky.StampCombo.Stamp2.1
350,Damage.Laky.StampCombo.Stamp2,2,Damage.Laky.StampCombo.Stamp2.2
351,Damage.Laky.StampCombo.Stamp2,3,Damage.Laky.StampCombo.Stamp2.3
352,Damage.Laky.StampCombo.Stamp2,4,Damage.Laky.StampCombo.Stamp2.4
353,Damage.Laky.StampCombo.Stamp2,5,Damage.Laky.StampCombo.Stamp2.5
354,Damage.Laky.StampCombo.Stamp3,1,Damage.Laky.StampCombo.Stamp3.1
355,Damage.Laky.StampCombo.Stamp3,2,Damage.Laky.StampCombo.Stamp3.2
356,Damage.Laky.StampCombo.Stamp3,3,Damage.Laky.StampCombo.Stamp3.3
357,Damage.Laky.StampCombo.Stamp3,4,Damage.Laky.StampCombo.Stamp3.4
358,Damage.Laky.StampCombo.Stamp3,5,Damage.Laky.StampCombo.Stamp3.5
359,Damage.Laky.RushCombo.Kick,1,Damage.Laky.RushCombo.Kick.1
360,Damage.Laky.RushCombo.Kick,2,Damage.Laky.RushCombo.Kick.2
361,Damage.Laky.RushCombo.Kick,3,Damage.Laky.RushCombo.Kick.3
362,Damage.Laky.RushCombo.Kick,4,Damage.Laky.RushCombo.Kick.4
363,Damage.Laky.RushCombo.Kick,5,Damage.Laky.RushCombo.Kick.5
364,Cooldown.Laky.RushCombo,1,Cooldown.Laky.RushCombo.1
365,Cooldown.Laky.RushCombo,2,Cooldown.Laky.RushCombo.2
366,Cooldown.Laky.RushCombo,3,Cooldown.Laky.RushCombo.3
367,Cooldown.Laky.RushCombo,4,Cooldown.Laky.RushCombo.4
368,Cooldown.Laky.RushCombo,5,Cooldown.Laky.RushCombo.5
369,Damage.Laky.RushCombo.AirSlash,1,Damage.Laky.RushCombo.AirSlash.1
370,Damage.Laky.RushCombo.AirSlash,2,Damage.Laky.RushCombo.AirSlash.2
371,Damage.Laky.RushCombo.AirSlash,3,Damage.Laky.RushCombo.AirSlash.3
372,Damage.Laky.RushCombo.AirSlash,4,Damage.Laky.RushCombo.AirSlash.4
373,Damage.Laky.RushCombo.AirSlash,5,Damage.Laky.RushCombo.AirSlash.5
374,Damage.Laky.RushCombo.Release,1,Damage.Laky.RushCombo.Release.1
375,Damage.Laky.RushCombo.Release,2,Damage.Laky.RushCombo.Release.2
376,Damage.Laky.RushCombo.Release,3,Damage.Laky.RushCombo.Release.3
377,Damage.Laky.RushCombo.Release,4,Damage.Laky.RushCombo.Release.4
378,Damage.Laky.RushCombo.Release,5,Damage.Laky.RushCombo.Release.5
379,Cooldown.Laky.CatRun,1,Cooldown.Laky.CatRun.1
380,Cooldown.Laky.CatRun,2,Cooldown.Laky.CatRun.2
381,Cooldown.Laky.CatRun,3,Cooldown.Laky.CatRun.3
382,Cooldown.Laky.CatRun,4,Cooldown.Laky.CatRun.4
383,Cooldown.Laky.CatRun,5,Cooldown.Laky.CatRun.5
384,Damage.Laky.CatLeapAtk.Atk,1,Damage.Laky.CatLeapAtk.Atk.1
385,Damage.Laky.CatLeapAtk.Atk,2,Damage.Laky.CatLeapAtk.Atk.2
386,Damage.Laky.CatLeapAtk.Atk,3,Damage.Laky.CatLeapAtk.Atk.3
387,Damage.Laahad.ThrowDagger.Projectile,1,Damage.Laahad.ThrowDagger.Projectile.1
388,Damage.Laahad.ThrowDagger.Projectile,2,Damage.Laahad.ThrowDagger.Projectile.2
389,Damage.Laahad.ThrowDagger.Projectile,3,Damage.Laahad.ThrowDagger.Projectile.3
390,Damage.Laahad.ThrowDagger.Projectile,4,Damage.Laahad.ThrowDagger.Projectile.4
391,Damage.Laahad.ThrowDagger.Projectile,5,Damage.Laahad.ThrowDagger.Projectile.5
392,Damage.Laahad.SandStormSlash.Normal,1,Damage.Laahad.SandStormSlash.Normal.1
393,Damage.Laahad.SandStormSlash.Normal,2,Damage.Laahad.SandStormSlash.Normal.2
394,Damage.Laahad.SandStormSlash.Normal,3,Damage.Laahad.SandStormSlash.Normal.3
395,Damage.Laahad.SandStormSlash.Normal,4,Damage.Laahad.SandStormSlash.Normal.4
396,Damage.Laahad.SandStormSlash.Normal,5,Damage.Laahad.SandStormSlash.Normal.5
397,Cooldown.Laahad.SandStormSlash,1,Cooldown.Laahad.SandStormSlash.1
398,Cooldown.Laahad.SandStormSlash,2,Cooldown.Laahad.SandStormSlash.2
399,Cooldown.Laahad.SandStormSlash,3,Cooldown.Laahad.SandStormSlash.3
400,Cooldown.Laahad.SandStormSlash,4,Cooldown.Laahad.SandStormSlash.4
401,Cooldown.Laahad.SandStormSlash,5,Cooldown.Laahad.SandStormSlash.5
402,Damage.Laahad.SpecfiesTarget.Projectile,1,Damage.Laahad.SpecfiesTarget.Projectile.1
403,Damage.Laahad.SpecfiesTarget.Projectile,2,Damage.Laahad.SpecfiesTarget.Projectile.2
404,Damage.Laahad.SpecfiesTarget.Projectile,3,Damage.Laahad.SpecfiesTarget.Projectile.3
405,Damage.Laahad.SpecfiesTarget.Projectile,4,Damage.Laahad.SpecfiesTarget.Projectile.4
406,Damage.Laahad.SpecfiesTarget.Projectile,5,Damage.Laahad.SpecfiesTarget.Projectile.5
407,Cooldown.Laahad.SpecfiesTarget,1,Cooldown.Laahad.SpecfiesTarget.1
408,Cooldown.Laahad.SpecfiesTarget,2,Cooldown.Laahad.SpecfiesTarget.2
409,Cooldown.Laahad.SpecfiesTarget,3,Cooldown.Laahad.SpecfiesTarget.3
410,Cooldown.Laahad.SpecfiesTarget,4,Cooldown.Laahad.SpecfiesTarget.4
411,Cooldown.Laahad.SpecfiesTarget,5,Cooldown.Laahad.SpecfiesTarget.5
412,Damage.Laahad.Execution.Start,1,Damage.Laahad.Execution.Start.1
413,Damage.Laahad.Execution.Start,2,Damage.Laahad.Execution.Start.2
414,Damage.Laahad.Execution.Start,3,Damage.Laahad.Execution.Start.3
415,Damage.Laahad.Execution.Start,4,Damage.Laahad.Execution.Start.4
416,Damage.Laahad.Execution.Start,5,Damage.Laahad.Execution.Start.5
417,Cooldown.Laahad.Execution,1,Cooldown.Laahad.Execution.1
418,Cooldown.Laahad.Execution,2,Cooldown.Laahad.Execution.2
419,Cooldown.Laahad.Execution,3,Cooldown.Laahad.Execution.3
420,Cooldown.Laahad.Execution,4,Cooldown.Laahad.Execution.4
421,Cooldown.Laahad.Execution,5,Cooldown.Laahad.Execution.5
422,Damage.Laahad.Execution.Slash,1,Damage.Laahad.Execution.Slash.1
423,Damage.Laahad.Execution.Slash,2,Damage.Laahad.Execution.Slash.2
424,Damage.Laahad.Execution.Slash,3,Damage.Laahad.Execution.Slash.3
425,Damage.Laahad.Execution.Slash,4,Damage.Laahad.Execution.Slash.4
426,Damage.Laahad.Execution.Slash,5,Damage.Laahad.Execution.Slash.5
427,Damage.Laahad.Execution.SandStorm,1,Damage.Laahad.Execution.SandStorm.1
428,Damage.Laahad.Execution.SandStorm,2,Damage.Laahad.Execution.SandStorm.2
429,Damage.Laahad.Execution.SandStorm,3,Damage.Laahad.Execution.SandStorm.3
430,Damage.Laahad.Execution.SandStorm,4,Damage.Laahad.Execution.SandStorm.4
431,Damage.Laahad.Execution.SandStorm,5,Damage.Laahad.Execution.SandStorm.5
432,Cooldown.Laahad.SandWraith,1,Cooldown.Laahad.SandWraith.1
433,Cooldown.Laahad.SandWraith,2,Cooldown.Laahad.SandWraith.2
434,Cooldown.Laahad.SandWraith,3,Cooldown.Laahad.SandWraith.3
435,Cooldown.Laahad.SandWraith,4,Cooldown.Laahad.SandWraith.4
436,Cooldown.Laahad.SandWraith,5,Cooldown.Laahad.SandWraith.5
437,Damage.Laahad.SandRing.Start,1,Damage.Laahad.SandRing.Start.1
438,Damage.Laahad.SandRing.Start,2,Damage.Laahad.SandRing.Start.2
439,Damage.Laahad.SandRing.Start,3,Damage.Laahad.SandRing.Start.3
440,Damage.Laahad.SandRing.Ring,1,Damage.Laahad.SandRing.Ring.1
441,Damage.Laahad.SandRing.Ring,2,Damage.Laahad.SandRing.Ring.2
442,Damage.Laahad.SandRing.Ring,3,Damage.Laahad.SandRing.Ring.3
443,Damage.Warmonger.Hammering.Smash,1,Damage.Warmonger.Hammering.Smash.1
444,Damage.Warmonger.Hammering.Smash,2,Damage.Warmonger.Hammering.Smash.2
445,Damage.Warmonger.Hammering.Smash,3,Damage.Warmonger.Hammering.Smash.3
446,Damage.Warmonger.Hammering.Smash,4,Damage.Warmonger.Hammering.Smash.4
447,Damage.Warmonger.Hammering.Smash,5,Damage.Warmonger.Hammering.Smash.5
448,Damage.Warmonger.Lariat.Normal,1,Damage.Warmonger.Lariat.Normal.1
449,Damage.Warmonger.Lariat.Normal,2,Damage.Warmonger.Lariat.Normal.2
450,Damage.Warmonger.Lariat.Normal,3,Damage.Warmonger.Lariat.Normal.3
451,Damage.Warmonger.Lariat.Normal,4,Damage.Warmonger.Lariat.Normal.4
452,Damage.Warmonger.Lariat.Normal,5,Damage.Warmonger.Lariat.Normal.5
453,Cooldown.Warmonger.Lariat,1,Cooldown.Warmonger.Lariat.1
454,Cooldown.Warmonger.Lariat,2,Cooldown.Warmonger.Lariat.2
455,Cooldown.Warmonger.Lariat,3,Cooldown.Warmonger.Lariat.3
456,Cooldown.Warmonger.Lariat,4,Cooldown.Warmonger.Lariat.4
457,Cooldown.Warmonger.Lariat,5,Cooldown.Warmonger.Lariat.5
458,Damage.Warmonger.Lariat.Strong,1,Damage.Warmonger.Lariat.Strong.1
459,Damage.Warmonger.Lariat.Strong,2,Damage.Warmonger.Lariat.Strong.2
460,Damage.Warmonger.Lariat.Strong,3,Damage.Warmonger.Lariat.Strong.3
461,Damage.Warmonger.Lariat.Strong,4,Damage.Warmonger.Lariat.Strong.4
462,Damage.Warmonger.Lariat.Strong,5,Damage.Warmonger.Lariat.Strong.5
463,Damage.Warmonger.Lariat.FullCharged,1,Damage.Warmonger.Lariat.FullCharged.1
464,Damage.Warmonger.Lariat.FullCharged,2,Damage.Warmonger.Lariat.FullCharged.2
465,Damage.Warmonger.Lariat.FullCharged,3,Damage.Warmonger.Lariat.FullCharged.3
466,Damage.Warmonger.Lariat.FullCharged,4,Damage.Warmonger.Lariat.FullCharged.4
467,Damage.Warmonger.Lariat.FullCharged,5,Damage.Warmonger.Lariat.FullCharged.5
468,Damage.Warmonger.Tackle.Smash,1,Damage.Warmonger.Tackle.Smash.1
469,Damage.Warmonger.Tackle.Smash,2,Damage.Warmonger.Tackle.Smash.2
470,Damage.Warmonger.Tackle.Smash,3,Damage.Warmonger.Tackle.Smash.3
471,Damage.Warmonger.Tackle.Smash,4,Damage.Warmonger.Tackle.Smash.4
472,Damage.Warmonger.Tackle.Smash,5,Damage.Warmonger.Tackle.Smash.5
473,Cooldown.Warmonger.Tackle,1,Cooldown.Warmonger.Tackle.1
474,Cooldown.Warmonger.Tackle,2,Cooldown.Warmonger.Tackle.2
475,Cooldown.Warmonger.Tackle,3,Cooldown.Warmonger.Tackle.3
476,Cooldown.Warmonger.Tackle,4,Cooldown.Warmonger.Tackle.4
477,Cooldown.Warmonger.Tackle,5,Cooldown.Warmonger.Tackle.5
478,Damage.Warmonger.ChokeSlam.One,1,Damage.Warmonger.ChokeSlam.One.1
479,Damage.Warmonger.ChokeSlam.One,2,Damage.Warmonger.ChokeSlam.One.2
480,Damage.Warmonger.ChokeSlam.One,3,Damage.Warmonger.ChokeSlam.One.3
481,Damage.Warmonger.ChokeSlam.One,4,Damage.Warmonger.ChokeSlam.One.4
482,Damage.Warmonger.ChokeSlam.One,5,Damage.Warmonger.ChokeSlam.One.5
483,Cooldown.Warmonger.ChokeSlam,1,Cooldown.Warmonger.ChokeSlam.1
484,Cooldown.Warmonger.ChokeSlam,2,Cooldown.Warmonger.ChokeSlam.2
485,Cooldown.Warmonger.ChokeSlam,3,Cooldown.Warmonger.ChokeSlam.3
486,Cooldown.Warmonger.ChokeSlam,4,Cooldown.Warmonger.ChokeSlam.4
487,Cooldown.Warmonger.ChokeSlam,5,Cooldown.Warmonger.ChokeSlam.5
488,Damage.Warmonger.ChokeSlam.Two,1,Damage.Warmonger.ChokeSlam.Two.1
489,Damage.Warmonger.ChokeSlam.Two,2,Damage.Warmonger.ChokeSlam.Two.2
490,Damage.Warmonger.ChokeSlam.Two,3,Damage.Warmonger.ChokeSlam.Two.3
491,Damage.Warmonger.ChokeSlam.Two,4,Damage.Warmonger.ChokeSlam.Two.4
492,Damage.Warmonger.ChokeSlam.Two,5,Damage.Warmonger.ChokeSlam.Two.5
493,Cooldown.Warmonger.bringiton,1,Cooldown.Warmonger.bringiton.1
494,Cooldown.Warmonger.bringiton,2,Cooldown.Warmonger.bringiton.2
495,Cooldown.Warmonger.bringiton,3,Cooldown.Warmonger.bringiton.3
496,Cooldown.Warmonger.bringiton,4,Cooldown.Warmonger.bringiton.4
497,Cooldown.Warmonger.bringiton,5,Cooldown.Warmonger.bringiton.5
498,Damage.Warmonger.Letitfinish.Smash,1,Damage.Warmonger.Letitfinish.Smash.1
499,Damage.Warmonger.Letitfinish.Smash,2,Damage.Warmonger.Letitfinish.Smash.2
500,Damage.Warmonger.Letitfinish.Smash,3,Damage.Warmonger.Letitfinish.Smash.3
501,Damage.Taeoh.BurstRifle.Short,1,Damage.Taeoh.BurstRifle.Short.1
502,Damage.Taeoh.BurstRifle.Short,2,Damage.Taeoh.BurstRifle.Short.2
503,Damage.Taeoh.BurstRifle.Short,3,Damage.Taeoh.BurstRifle.Short.3
504,Damage.Taeoh.BurstRifle.Short,4,Damage.Taeoh.BurstRifle.Short.4
505,Damage.Taeoh.BurstRifle.Short,5,Damage.Taeoh.BurstRifle.Short.5
506,Damage.Taeoh.BurstRifle.Mid,1,Damage.Taeoh.BurstRifle.Mid.1
507,Damage.Taeoh.BurstRifle.Mid,2,Damage.Taeoh.BurstRifle.Mid.2
508,Damage.Taeoh.BurstRifle.Mid,3,Damage.Taeoh.BurstRifle.Mid.3
509,Damage.Taeoh.BurstRifle.Mid,4,Damage.Taeoh.BurstRifle.Mid.4
510,Damage.Taeoh.BurstRifle.Mid,5,Damage.Taeoh.BurstRifle.Mid.5
511,Damage.Taeoh.BurstRifle.Long,1,Damage.Taeoh.BurstRifle.Long.1
512,Damage.Taeoh.BurstRifle.Long,2,Damage.Taeoh.BurstRifle.Long.2
513,Damage.Taeoh.BurstRifle.Long,3,Damage.Taeoh.BurstRifle.Long.3
514,Damage.Taeoh.BurstRifle.Long,4,Damage.Taeoh.BurstRifle.Long.4
515,Damage.Taeoh.BurstRifle.Long,5,Damage.Taeoh.BurstRifle.Long.5
516,Damage.Taeoh.BurstRifle.Far,1,Damage.Taeoh.BurstRifle.Far.1
517,Damage.Taeoh.BurstRifle.Far,2,Damage.Taeoh.BurstRifle.Far.2
518,Damage.Taeoh.BurstRifle.Far,3,Damage.Taeoh.BurstRifle.Far.3
519,Damage.Taeoh.BurstRifle.Far,4,Damage.Taeoh.BurstRifle.Far.4
520,Damage.Taeoh.BurstRifle.Far,5,Damage.Taeoh.BurstRifle.Far.5
521,Damage.Taeoh.BurstRifle.Shotgun,1,Damage.Taeoh.BurstRifle.Shotgun.1
522,Damage.Taeoh.BurstRifle.Shotgun,2,Damage.Taeoh.BurstRifle.Shotgun.2
523,Damage.Taeoh.BurstRifle.Shotgun,3,Damage.Taeoh.BurstRifle.Shotgun.3
524,Damage.Taeoh.BurstRifle.Shotgun,4,Damage.Taeoh.BurstRifle.Shotgun.4
525,Damage.Taeoh.BurstRifle.Shotgun,5,Damage.Taeoh.BurstRifle.Shotgun.5
526,Damage.Taeoh.FocusMode.Short,1,Damage.Taeoh.FocusMode.Short.1
527,Damage.Taeoh.FocusMode.Short,2,Damage.Taeoh.FocusMode.Short.2
528,Damage.Taeoh.FocusMode.Short,3,Damage.Taeoh.FocusMode.Short.3
529,Damage.Taeoh.FocusMode.Short,4,Damage.Taeoh.FocusMode.Short.4
530,Damage.Taeoh.FocusMode.Short,5,Damage.Taeoh.FocusMode.Short.5
531,Damage.Taeoh.FocusMode.Long,1,Damage.Taeoh.FocusMode.Long.1
532,Damage.Taeoh.FocusMode.Long,2,Damage.Taeoh.FocusMode.Long.2
533,Damage.Taeoh.FocusMode.Long,3,Damage.Taeoh.FocusMode.Long.3
534,Damage.Taeoh.FocusMode.Long,4,Damage.Taeoh.FocusMode.Long.4
535,Damage.Taeoh.FocusMode.Long,5,Damage.Taeoh.FocusMode.Long.5
536,Damage.Taeoh.FocusMode.Far,1,Damage.Taeoh.FocusMode.Far.1
537,Damage.Taeoh.FocusMode.Far,2,Damage.Taeoh.FocusMode.Far.2
538,Damage.Taeoh.FocusMode.Far,3,Damage.Taeoh.FocusMode.Far.3
539,Damage.Taeoh.FocusMode.Far,4,Damage.Taeoh.FocusMode.Far.4
540,Damage.Taeoh.FocusMode.Far,5,Damage.Taeoh.FocusMode.Far.5
541,Damage.Taeoh.Grenadelauncher.Mine,1,Damage.Taeoh.Grenadelauncher.Mine.1
542,Damage.Taeoh.Grenadelauncher.Mine,2,Damage.Taeoh.Grenadelauncher.Mine.2
543,Damage.Taeoh.Grenadelauncher.Mine,3,Damage.Taeoh.Grenadelauncher.Mine.3
544,Damage.Taeoh.Grenadelauncher.Mine,4,Damage.Taeoh.Grenadelauncher.Mine.4
545,Damage.Taeoh.Grenadelauncher.Mine,5,Damage.Taeoh.Grenadelauncher.Mine.5
546,Cooldown.Taeoh.Grenadelauncher,1,Cooldown.Taeoh.Grenadelauncher.1
547,Cooldown.Taeoh.Grenadelauncher,2,Cooldown.Taeoh.Grenadelauncher.2
548,Cooldown.Taeoh.Grenadelauncher,3,Cooldown.Taeoh.Grenadelauncher.3
549,Cooldown.Taeoh.Grenadelauncher,4,Cooldown.Taeoh.Grenadelauncher.4
550,Cooldown.Taeoh.Grenadelauncher,5,Cooldown.Taeoh.Grenadelauncher.5
551,Damage.Taeoh.DestructionMode.Explo,1,Damage.Taeoh.DestructionMode.Explo.1
552,Damage.Taeoh.DestructionMode.Explo,2,Damage.Taeoh.DestructionMode.Explo.2
553,Damage.Taeoh.DestructionMode.Explo,3,Damage.Taeoh.DestructionMode.Explo.3
554,Damage.Narae.Reform.Damage,1,Damage.Narae.Reform.Damage.1
555,Damage.Narae.Reform.Damage,2,Damage.Narae.Reform.Damage.2
556,Damage.Narae.Reform.Damage,3,Damage.Narae.Reform.Damage.3
557,Damage.Narae.Reform.Damage,4,Damage.Narae.Reform.Damage.4
558,Damage.Narae.Reform.Damage,5,Damage.Narae.Reform.Damage.5
559,Damage.Narae.Reform.Heal,1,Damage.Narae.Reform.Heal.1
560,Damage.Narae.Reform.Heal,2,Damage.Narae.Reform.Heal.2
561,Damage.Narae.Reform.Heal,3,Damage.Narae.Reform.Heal.3
562,Damage.Narae.Reform.Heal,4,Damage.Narae.Reform.Heal.4
563,Damage.Narae.Reform.Heal,5,Damage.Narae.Reform.Heal.5
564,Damage.Narae.Reform.ChargeDamage,1,Damage.Narae.Reform.ChargeDamage.1
565,Damage.Narae.Reform.ChargeDamage,2,Damage.Narae.Reform.ChargeDamage.2
566,Damage.Narae.Reform.ChargeDamage,3,Damage.Narae.Reform.ChargeDamage.3
567,Damage.Narae.Reform.ChargeDamage,4,Damage.Narae.Reform.ChargeDamage.4
568,Damage.Narae.Reform.ChargeDamage,5,Damage.Narae.Reform.ChargeDamage.5
569,Damage.Narae.Reform.ChargeHeal,1,Damage.Narae.Reform.ChargeHeal.1
570,Damage.Narae.Reform.ChargeHeal,2,Damage.Narae.Reform.ChargeHeal.2
571,Damage.Narae.Reform.ChargeHeal,3,Damage.Narae.Reform.ChargeHeal.3
572,Damage.Narae.Reform.ChargeHeal,4,Damage.Narae.Reform.ChargeHeal.4
573,Damage.Narae.Reform.ChargeHeal,5,Damage.Narae.Reform.ChargeHeal.5
574,Damage.Narae.Bind.Damage,1,Damage.Narae.Bind.Damage.1
575,Damage.Narae.Bind.Damage,2,Damage.Narae.Bind.Damage.2
576,Damage.Narae.Bind.Damage,3,Damage.Narae.Bind.Damage.3
577,Damage.Narae.Bind.Damage,4,Damage.Narae.Bind.Damage.4
578,Damage.Narae.Bind.Damage,5,Damage.Narae.Bind.Damage.5
579,Cooldown.Narae.Bind,1,Cooldown.Narae.Bind.1
580,Cooldown.Narae.Bind,2,Cooldown.Narae.Bind.2
581,Cooldown.Narae.Bind,3,Cooldown.Narae.Bind.3
582,Cooldown.Narae.Bind,4,Cooldown.Narae.Bind.4
583,Cooldown.Narae.Bind,5,Cooldown.Narae.Bind.5
584,Cooldown.Narae.DivineLink,1,Cooldown.Narae.DivineLink.1
585,Cooldown.Narae.DivineLink,2,Cooldown.Narae.DivineLink.2
586,Cooldown.Narae.DivineLink,3,Cooldown.Narae.DivineLink.3
587,Cooldown.Narae.DivineLink,4,Cooldown.Narae.DivineLink.4
588,Cooldown.Narae.DivineLink,5,Cooldown.Narae.DivineLink.5
589,Cooldown.Narae.HeavensApparel,1,Cooldown.Narae.HeavensApparel.1
590,Cooldown.Narae.HeavensApparel,2,Cooldown.Narae.HeavensApparel.2
591,Cooldown.Narae.HeavensApparel,3,Cooldown.Narae.HeavensApparel.3
592,Cooldown.Narae.HeavensApparel,4,Cooldown.Narae.HeavensApparel.4
593,Cooldown.Narae.HeavensApparel,5,Cooldown.Narae.HeavensApparel.5
594,Damage.Narae.DivineCurtain.Atk,1,Damage.Narae.DivineCurtain.Atk.1
595,Damage.Narae.DivineCurtain.Atk,2,Damage.Narae.DivineCurtain.Atk.2
596,Damage.Narae.DivineCurtain.Atk,3,Damage.Narae.DivineCurtain.Atk.3
597,Damage.Narae.DivineCurtain.Atk,4,Damage.Narae.DivineCurtain.Atk.4
598,Damage.Narae.DivineCurtain.Atk,5,Damage.Narae.DivineCurtain.Atk.5
599,Cooldown.Narae.DivineCurtain,1,Cooldown.Narae.DivineCurtain.1
600,Cooldown.Narae.DivineCurtain,2,Cooldown.Narae.DivineCurtain.2
601,Cooldown.Narae.DivineCurtain,3,Cooldown.Narae.DivineCurtain.3
602,Cooldown.Narae.DivineCurtain,4,Cooldown.Narae.DivineCurtain.4
603,Cooldown.Narae.DivineCurtain,5,Cooldown.Narae.DivineCurtain.5
604,Damage.Narae.DivineCurtain.Heal,1,Damage.Narae.DivineCurtain.Heal.1
605,Damage.Narae.DivineCurtain.Heal,2,Damage.Narae.DivineCurtain.Heal.2
606,Damage.Narae.DivineCurtain.Heal,3,Damage.Narae.DivineCurtain.Heal.3
607,Damage.Narae.DivineCurtain.Heal,4,Damage.Narae.DivineCurtain.Heal.4
608,Damage.Narae.DivineCurtain.Heal,5,Damage.Narae.DivineCurtain.Heal.5
609,Cooldown.Narae.HeavensApparel,4,Cooldown.Narae.HeavensApparel.4
610,Cooldown.Narae.HeavensApparel,5,Cooldown.Narae.HeavensApparel.5
611,Damage.Narae.DivineCurtain.Atk,1,Damage.Narae.DivineCurtain.Atk.1
612,Damage.Narae.DivineCurtain.Atk,2,Damage.Narae.DivineCurtain.Atk.2
613,Damage.Narae.DivineCurtain.Atk,3,Damage.Narae.DivineCurtain.Atk.3
614,Damage.Narae.DivineCurtain.Atk,4,Damage.Narae.DivineCurtain.Atk.4
615,Damage.Narae.DivineCurtain.Atk,5,Damage.Narae.DivineCurtain.Atk.5
616,Cooldown.Narae.DivineCurtain,1,Cooldown.Narae.DivineCurtain.1
617,Cooldown.Narae.DivineCurtain,2,Cooldown.Narae.DivineCurtain.2
618,Cooldown.Narae.DivineCurtain,3,Cooldown.Narae.DivineCurtain.3
619,Cooldown.Narae.DivineCurtain,4,Cooldown.Narae.DivineCurtain.4
620,Cooldown.Narae.DivineCurtain,5,Cooldown.Narae.DivineCurtain.5
621,Damage.Narae.DivineCurtain.Heal,1,Damage.Narae.DivineCurtain.Heal.1
622,Damage.Narae.DivineCurtain.Heal,2,Damage.Narae.DivineCurtain.Heal.2
623,Damage.Narae.DivineCurtain.Heal,3,Damage.Narae.DivineCurtain.Heal.3
624,Damage.Narae.DivineCurtain.Heal,4,Damage.Narae.DivineCurtain.Heal.4
625,Damage.Narae.DivineCurtain.Heal,5,Damage.Narae.DivineCurtain.Heal.5
